attention_backend,batch_size,cold_seconds_count,cold_seconds_max,cold_seconds_mean,cold_seconds_min,cold_seconds_stdev,compile_model,context_length,mfu_count,mfu_max,mfu_mean,mfu_min,mfu_stdev,operation,peak_allocated_bytes_count,peak_allocated_bytes_max,peak_allocated_bytes_mean,peak_allocated_bytes_min,peak_allocated_bytes_stdev,peak_reserved_bytes_count,peak_reserved_bytes_max,peak_reserved_bytes_mean,peak_reserved_bytes_min,peak_reserved_bytes_stdev,precision,readme_eligible,stage,status_counts,step_flops_count,step_flops_max,step_flops_mean,step_flops_min,step_flops_stdev,step_seconds_count,step_seconds_max,step_seconds_mean,step_seconds_min,step_seconds_stdev,tokens_per_second_count,tokens_per_second_max,tokens_per_second_mean,tokens_per_second_min,tokens_per_second_stdev,variant
reference,1,3,17.64476171875,16.980888997395834,16.0517705078125,0.8289582243416389,False,1024,,,,,,forward_backward,3,92546048.0,92546048.0,92546048.0,0.0,3,102760448.0,102760448.0,102760448.0,0.0,float32,True,attention,"{""ok"": 3}",,,,,,3,0.00542193603515625,0.005273039976755778,0.005170687913894653,0.00013193241546316671,3,198039.5704171349,194286.69965418018,188895.57492622532,4787.073262947057,attention-reference-fp32
reference,1,3,19.38590234375,17.065184895833333,15.818884765625,2.0116369031479966,False,128,,,,,,forward_backward,3,20170752.0,20170752.0,20170752.0,0.0,3,25165824.0,25165824.0,25165824.0,0.0,float32,True,attention,"{""ok"": 3}",,,,,,3,0.004005375981330872,0.0030010026693344117,0.002397567987442017,0.0008756857171014721,3,53389.801098169795,44861.85716455659,31964.696935988857,11361.175571398755,attention-reference-fp32
reference,1,3,17.591890625,16.50228938802083,15.7049365234375,0.976834570808639,False,2048,,,,,,forward_backward,3,303055872.0,303055872.0,303055872.0,0.0,3,385875968.0,385875968.0,385875968.0,0.0,float32,True,attention,"{""ok"": 3}",,,,,,3,0.017439616203308105,0.016844757397969562,0.01618175983428955,0.0006316904535145143,3,126562.2755152875,121704.29733679724,117434.12043639075,4592.378092337873,attention-reference-fp32
reference,1,3,18.450439453125,16.95806673177083,16.0189150390625,1.3067585369713342,False,256,,,,,,forward_backward,3,24120320.0,24120320.0,24120320.0,0.0,3,29360128.0,29360128.0,29360128.0,0.0,float32,True,attention,"{""ok"": 3}",,,,,,3,0.0068408319950103765,0.003910917321840923,0.00243832004070282,0.002537392039633023,3,104993.03479468577,82250.75160630973,37422.4411002432,38823.84235316216,attention-reference-fp32
reference,1,3,19.926470703125,17.2862646484375,15.9280263671875,2.286803512765556,False,512,,,,,,forward_backward,3,38409216.0,38409216.0,38409216.0,0.0,3,50331648.0,50331648.0,50331648.0,0.0,float32,True,attention,"{""ok"": 3}",,,,,,3,0.004775568008422852,0.003234352032343547,0.00245196807384491,0.001334784135046493,3,208812.300362828,174718.26648493166,108517.04646098745,57340.544473098555,attention-reference-fp32
reference,1,3,18.35362109375,16.72923860677083,15.805955078125,1.4111361889713923,False,1024,,,,,,forward_only,3,51781632.0,51781632.0,51781632.0,0.0,3,67108864.0,67108864.0,67108864.0,0.0,float32,True,attention,"{""ok"": 3}",,,,,,3,0.013857792139053346,0.005899050712585449,0.0018631680011749266,0.0068927039270499715,3,549603.5722435346,433951.04545513407,234077.98184635732,173807.14503611778,attention-reference-fp32
reference,1,3,21.67099609375,18.070189778645833,16.1313115234375,3.121462788796534,False,128,,,,,,forward_only,3,11060224.0,11060224.0,11060224.0,0.0,3,25165824.0,25165824.0,25165824.0,0.0,float32,True,attention,"{""ok"": 3}",,,,,,3,0.001300991952419281,0.0010985973278681439,0.0007373279929161073,0.00031362420986656323,3,173608.02568673174,124596.50510359759,98389.89427449138,42479.28618696745,attention-reference-fp32
reference,1,3,16.90610546875,16.213767578125,15.6490654296875,0.6381657911267083,False,2048,,,,,,forward_only,3,165298176.0,165298176.0,165298176.0,0.0,3,184549376.0,184549376.0,184549376.0,0.0,float32,True,attention,"{""ok"": 3}",,,,,,3,0.006945248126983643,0.006840821425120036,0.006780928134918213,9.076168527398643e-05,3,302023.6620301626,299414.19260804605,294877.88752651884,3943.3545437880443,attention-reference-fp32
reference,1,3,21.999462890625,17.998169270833333,15.6312197265625,3.484528758246906,False,256,,,,,,forward_only,3,13633536.0,13633536.0,13633536.0,0.0,3,27262976.0,27262976.0,27262976.0,0.0,float32,True,attention,"{""ok"": 3}",,,,,,3,0.0024995839595794676,0.0019093759953975678,0.0007525120079517364,0.00100194280653491,3,340194.61807087617,182001.02330368603,102417.06104071125,137000.53795019997,attention-reference-fp32
reference,1,3,18.130876953125,16.737233723958333,15.8974736328125,1.2153651697056231,False,512,,,,,,forward_only,3,22024192.0,22024192.0,22024192.0,0.0,3,29360128.0,29360128.0,29360128.0,0.0,float32,True,attention,"{""ok"": 3}",,,,,,3,0.007259136199951172,0.0030395253996054333,0.0009006080031394958,0.003654406106075784,3,568527.0635235254,391016.25511701405,70531.81351757864,278084.3614776098,attention-reference-fp32
sdpa,1,3,15.9921728515625,15.904232747395833,15.76874609375,0.11906042500420763,False,1024,,,,,,forward_backward,3,91497472.0,91497472.0,91497472.0,0.0,3,102760448.0,102760448.0,102760448.0,0.0,float32,True,attention,"{""ok"": 3}",,,,,,3,0.004750848054885864,0.004717530727386475,0.004693392038345337,2.980744893708311e-05,3,218179.20856538863,217068.64199515266,215540.48776695307,1368.0264807695653,attention-sdpa-fp32
sdpa,1,3,15.9281435546875,15.888719075520832,15.825775390625,0.05508788462066698,False,128,,,,,,forward_backward,3,20154368.0,20154368.0,20154368.0,0.0,3,25165824.0,25165824.0,25165824.0,0.0,float32,True,attention,"{""ok"": 3}",,,,,,3,0.0024299520254135133,0.0023416906992594403,0.002286512017250061,7.723085518875316e-05,3,55981.35614664247,54702.542957675636,52679.31425232547,1772.423768101281,attention-sdpa-fp32
sdpa,1,3,16.9240859375,16.127272135416664,15.474673828125,0.7353893168956323,False,2048,,,,,,forward_backward,3,298861568.0,298861568.0,298861568.0,0.0,3,352321536.0,352321536.0,352321536.0,0.0,float32,True,attention,"{""ok"": 3}",,,,,,3,0.015395296096801757,0.015055007934570312,0.014787583827972413,0.0003103392150114992,3,138615.75752758118,136139.26218833533,133066.3682773439,2822.356941449364,attention-sdpa-fp32
sdpa,1,3,17.047564453125,16.149405924479165,15.535220703125,0.7951581817359609,False,256,,,,,,forward_backward,3,24054784.0,24054784.0,24054784.0,0.0,3,31457280.0,31457280.0,31457280.0,0.0,float32,True,attention,"{""ok"": 3}",,,,,,3,0.003296671986579895,0.002656720042228699,0.0022763360738754274,0.0005574970800922273,3,112467.99093394757,98983.9439393423,77690.27725938655,18657.839152211527,attention-sdpa-fp32
sdpa,1,3,15.975599609375,15.780476562499999,15.6674599609375,0.169686805633754,False,512,,,,,,forward_backward,3,38147072.0,38147072.0,38147072.0,0.0,3,50331648.0,50331648.0,50331648.0,0.0,float32,True,attention,"{""ok"": 3}",,,,,,3,0.0036111359596252444,0.0027945119937260944,0.002352687954902649,0.0007080106525678376,3,217629.81400076736,190350.9863620992,141788.91002900223,42162.698977358,attention-sdpa-fp32
sdpa,1,3,16.01546484375,15.985841145833334,15.93244140625,0.04633786692954738,False,1024,,,,,,forward_only,3,59126272.0,59126272.0,59126272.0,0.0,3,67108864.0,67108864.0,67108864.0,0.0,float32,True,attention,"{""ok"": 3}",,,,,,3,0.0019471360445022584,0.0019403093258539836,0.0019348479509353638,6.256790990777109e-06,3,529240.5903060902,527755.2813655327,525900.9200317312,1700.1467986848838,attention-sdpa-fp32
sdpa,1,3,16.933501953125,16.525449869791668,15.74195703125,0.6787205947332654,False,128,,,,,,forward_only,3,11175936.0,11175936.0,11175936.0,0.0,3,25165824.0,25165824.0,25165824.0,0.0,float32,True,attention,"{""ok"": 3}",,,,,,3,0.0007782880067825317,0.0007579466799894968,0.0007469760179519653,1.7634261526965144e-05,3,171359.48962315544,168938.2294269889,164463.53968070826,3879.556816202813,attention-sdpa-fp32
sdpa,1,3,16.01429296875,15.914486002604166,15.8537861328125,0.08710703091374009,False,2048,,,,,,forward_only,3,192569856.0,192569856.0,192569856.0,0.0,3,218103808.0,218103808.0,218103808.0,0.0,float32,True,attention,"{""ok"": 3}",,,,,,3,0.007078896045684815,0.00706710402170817,0.007056383848190307,1.1294308591605706e-05,3,290233.6993315234,289793.97167031583,289310.79999815987,462.9809190951282,attention-sdpa-fp32
sdpa,1,3,16.993423828125,16.5289150390625,15.7062958984375,0.7143926404769091,False,256,,,,,,forward_only,3,14093824.0,14093824.0,14093824.0,0.0,3,27262976.0,27262976.0,27262976.0,0.0,float32,True,attention,"{""ok"": 3}",,,,,,3,0.0007659039795398712,0.0007476799984772999,0.0007362560033798218,1.595087707434328e-05,3,347705.8170460775,342497.62037936394,334247.8332586655,7226.187533747635,attention-sdpa-fp32
sdpa,1,3,15.936939453125,15.889197916666667,15.857234375,0.04212996213459534,False,512,,,,,,forward_only,3,23861760.0,23861760.0,23861760.0,0.0,3,29360128.0,29360128.0,29360128.0,0.0,float32,True,attention,"{""ok"": 3}",,,,,,3,0.000978303998708725,0.0009727573394775389,0.0009687040150165558,4.97116266826988e-06,3,528555.983594306,526355.4757805289,523358.655430944,2688.6130719076236,attention-sdpa-fp32
reference,1,3,0.41174322509765626,0.4077117309570313,0.4012308044433594,0.005668115755329923,False,1024,3,0.14927113930891628,0.14862908598634636,0.14816369352994926,0.00057447004670885,training_step,3,407223808.0,407223808.0,407223808.0,0.0,3,488636416.0,488636416.0,488636416.0,0.0,float32,True,capacity,"{""ok"": 3}",3,46707769344.0,46707769344.0,46707769344.0,0.0,3,0.04423215866088867,0.04409409586588542,0.04390399932861328,0.00017015513389473602,3,23323.617343811202,23223.30438762035,23150.60059246603,89.75187124158029,reference-fp32-eager
reference,16,,,,,,False,1024,,,,,,training_step,,,,,,,,,,,float32,False,capacity,"{""memory_capacity_exceeded"": 3}",,,,,,,,,,,,,,,,reference-fp32-eager
reference,2,3,0.44457369995117185,0.4248408711751302,0.40665087890625,0.019008428324487122,False,1024,3,0.17117798335455803,0.17108003176730877,0.17099629174100534,9.1675716289719e-05,training_step,3,682036736.0,682036736.0,682036736.0,0.0,3,713031680.0,713031680.0,713031680.0,0.0,float32,True,capacity,"{""ok"": 3}",3,93415538688.0,93415538688.0,93415538688.0,0.0,3,0.0766519546508789,0.07661444981892902,0.07657059478759766,4.1049977008814617e-05,3,26746.566794923197,26731.257430765105,26718.170612490147,14.327964853557223,reference-fp32-eager
reference,4,3,0.4977520751953125,0.48535381062825517,0.4775608215332031,0.010854865394913982,False,1024,3,0.18742083710114268,0.187356464710727,0.18726955405525605,7.811926802627063e-05,training_step,3,1242148352.0,1242148352.0,1242148352.0,0.0,3,1285554176.0,1285554176.0,1285554176.0,0.0,float32,True,capacity,"{""ok"": 3}",3,186831077376.0,186831077376.0,186831077376.0,0.0,3,0.139982177734375,0.1399172592163086,0.1398691864013672,5.8348895611237324e-05,3,29284.50595397379,29274.44866087734,29260.868489028955,12.206164150960092,reference-fp32-eager
reference,8,3,0.601491455078125,0.6008579305013021,0.5999513549804687,0.0008055399997634867,False,1024,3,0.19337507682440588,0.19315870397183357,0.19290623123872963,0.0002364983019660516,training_step,3,2370760192.0,2370760192.0,2370760192.0,0.0,3,2533359616.0,2533359616.0,2533359616.0,0.0,float32,True,capacity,"{""ok"": 3}",3,373662154752.0,373662154752.0,373662154752.0,0.0,3,0.2717838592529297,0.27142888895670575,0.2711249084472656,0.00033242143408410385,3,30214.86354018301,30181.06811370193,30141.642699742428,36.933662666484985,reference-fp32-eager
reference,1,3,0.9795552978515625,0.5926444295247396,0.39331430053710936,0.33512613604632474,False,128,3,0.02275406981984768,0.021454907774413237,0.019056033183120807,0.002079878483056556,training_step,3,180788736.0,180788736.0,180788736.0,0.0,3,239075328.0,239075328.0,239075328.0,0.0,float32,True,capacity,"{""ok"": 3}",3,4429185024.0,4429185024.0,4429185024.0,0.0,3,0.03261235237121582,0.029159376144409176,0.0273121280670166,0.0029928024635901985,3,4686.564810568103,4419.625159205095,3925.0526667092336,428.76301039477966,reference-fp32-eager
reference,128,3,0.8602880249023438,0.8567166341145834,0.8499619750976563,0.0058529243636269825,False,128,3,0.1603573385950537,0.1603279652518825,0.1602919298278947,3.3209399210462064e-05,training_step,3,3683413504.0,3683413504.0,3683413504.0,0.0,3,3898605568.0,3898605568.0,3898605568.0,0.0,float32,True,capacity,"{""ok"": 3}",3,566935683072.0,566935683072.0,566935683072.0,0.0,3,0.4962641906738281,0.4961526641845703,0.496061767578125,0.00010277631763763349,3,33028.146154896385,33022.09757425699,33014.675646393065,6.839459904396852,reference-fp32-eager
reference,16,3,0.4131051635742187,0.40396083577473957,0.3953387451171875,0.008894714999475323,False,128,3,0.182958600327877,0.1823789068974286,0.1819405808269579,0.0005235260011815898,training_step,3,559549952.0,559549952.0,559549952.0,0.0,3,589299712.0,589299712.0,589299712.0,0.0,float32,True,capacity,"{""ok"": 3}",3,70866960384.0,70866960384.0,70866960384.0,0.0,3,0.05465187072753906,0.054520820617675776,0.054347776412963865,0.00015633606762630568,3,37683.245692889526,37564.043359739495,37474.09910556089,107.59925713789943,reference-fp32-eager
reference,2,3,0.42029977416992187,0.397020497639974,0.385175537109375,0.02016149037276507,False,128,3,0.046704277371327034,0.045885576908228,0.045167755925183274,0.0007732121576494707,training_step,3,196849152.0,196849152.0,196849152.0,0.0,3,260046848.0,260046848.0,260046848.0,0.0,float32,True,capacity,"{""ok"": 3}",3,8858370048.0,8858370048.0,8858370048.0,0.0,3,0.02751795196533203,0.02709258143107096,0.026612640380859375,0.0004551161633620872,3,9619.530428773407,9450.92876252004,9303.072339748967,159.24573580666078,reference-fp32-eager
reference,256,,,,,,False,128,,,,,,training_step,,,,,,,,,,,float32,False,capacity,"{""memory_capacity_exceeded"": 3}",,,,,,,,,,,,,,,,reference-fp32-eager
reference,32,3,0.4363366394042969,0.42982434082031257,0.41977447509765625,0.008829615369623905,False,128,3,0.20814214681956653,0.20799076052707122,0.20771155322111537,0.00024208752625513616,training_step,3,1002221056.0,1002221056.0,1002221056.0,0.0,3,1059061760.0,1059061760.0,1059061760.0,0.0,float32,True,capacity,"{""ok"": 3}",3,141733920768.0,141733920768.0,141733920768.0,0.0,3,0.0957423210144043,0.09561388270060221,0.09554425430297851,0.00011136229265078347,3,42870.18680249673,42839.00688989966,42781.498952698996,49.86238396909758,reference-fp32-eager
reference,4,3,0.402113525390625,0.39836461385091143,0.3914547119140625,0.005991366405096954,False,128,3,0.0915866144906219,0.0884849464920714,0.08648835243591897,0.002722858848385521,training_step,3,238808576.0,238808576.0,238808576.0,0.0,3,310378496.0,310378496.0,310378496.0,0.0,float32,True,capacity,"{""ok"": 3}",3,17716740096.0,17716740096.0,17716740096.0,0.0,3,0.028742000579833983,0.02811093330383301,0.027142047882080078,0.000851793979470368,3,18863.789807381618,18225.69900981845,17815.933772169723,559.999989834981,reference-fp32-eager
reference,64,3,0.5254840087890625,0.5215204060872396,0.5193572998046875,0.00343736545360845,False,128,3,0.21686191457330106,0.21668054512210877,0.21654034597101174,0.00016469012326799604,training_step,3,1895951872.0,1895951872.0,1895951872.0,0.0,3,2069889024.0,2069889024.0,2069889024.0,0.0,float32,True,capacity,"{""ok"": 3}",3,283467841536.0,283467841536.0,283467841536.0,0.0,3,0.1836774215698242,0.18355864715576173,0.18340505981445313,0.00013947826488304294,3,44666.16355506434,44628.80731258311,44599.931959905625,33.92049775894397,reference-fp32-eager
reference,8,3,0.4265707397460938,0.3988277994791667,0.3844822998046875,0.024030766841623457,False,128,3,0.14567192518583527,0.1423739404300754,0.13615070245666352,0.005392703436604101,training_step,3,343326208.0,343326208.0,343326208.0,0.0,3,413138944.0,413138944.0,413138944.0,0.0,float32,True,capacity,"{""ok"": 3}",3,35433480192.0,35433480192.0,35433480192.0,0.0,3,0.036516128540039064,0.03495416514078776,0.034129407882690435,0.0013534081221013936,3,30003.46806477387,29324.410987393476,28043.08267218878,1110.3268459323397,reference-fp32-eager
reference,1,3,0.44866659545898435,0.44687282307942705,0.44509469604492186,0.0017860011026484136,False,2048,3,0.15785640657142705,0.15754114120920715,0.15725830834784885,0.00030036523033792194,training_step,3,829885952.0,829885952.0,829885952.0,0.0,3,864026624.0,864026624.0,864026624.0,0.0,float32,True,capacity,"{""ok"": 3}",3,119185342464.0,119185342464.0,119185342464.0,0.0,3,0.10634083175659179,0.10615017573038736,0.10593791961669921,0.0002023226901577829,3,19332.078337094426,19293.47176029811,19258.832916410243,36.7835573473439,reference-fp32-eager
reference,2,3,0.5519615478515625,0.5410457356770834,0.5351454467773438,0.009463715925796588,False,2048,3,0.16875261836928768,0.16867059432240306,0.16855971889457702,9.963359610382877e-05,training_step,3,1524215296.0,1524215296.0,1524215296.0,0.0,3,1583349760.0,1583349760.0,1583349760.0,0.0,float32,True,capacity,"{""ok"": 3}",3,238370684928.0,238370684928.0,238370684928.0,0.0,3,0.19842201232910156,0.1982916259765625,0.19819519805908203,0.00011715826797475123,3,20666.49474151639,20656.452531223928,20642.875188718503,12.200151163629634,reference-fp32-eager
reference,4,3,0.7553310546875,0.7336564127604167,0.7176796264648437,0.019461672099272697,False,2048,3,0.17247711238153282,0.1723406297823716,0.1722546718373523,0.00011951779964069783,training_step,3,2921262592.0,2921262592.0,2921262592.0,0.0,3,3061841920.0,3061841920.0,3061841920.0,0.0,float32,True,capacity,"{""ok"": 3}",3,476741369856.0,476741369856.0,476741369856.0,0.0,3,0.3883315124511719,0.388137949625651,0.3878306884765625,0.0002690755376701384,3,21122.619721490053,21105.90516050946,21095.378209486975,14.636935533050622,reference-fp32-eager
reference,8,,,,,,False,2048,,,,,,training_step,,,,,,,,,,,float32,False,capacity,"{""memory_capacity_exceeded"": 3}",,,,,,,,,,,,,,,,reference-fp32-eager
reference,1,3,0.4308275146484375,0.41050726318359376,0.3918080139160156,0.0195601916004042,False,256,3,0.048477367611734795,0.047340074628678785,0.04640350696592945,0.001051400249768946,training_step,3,199273984.0,199273984.0,199273984.0,0.0,3,262144000.0,262144000.0,262144000.0,0.0,float32,True,capacity,"{""ok"": 3}",3,9261023232.0,9261023232.0,9261023232.0,0.0,3,0.028002639770507813,0.027457615852355958,0.0268046875,0.0006062218536100349,3,9550.61777032177,9326.579040624403,9142.082191477504,207.11832375119735,reference-fp32-eager
reference,128,,,,,,False,256,,,,,,training_step,,,,,,,,,,,float32,False,capacity,"{""memory_capacity_exceeded"": 3}",,,,,,,,,,,,,,,,reference-fp32-eager
reference,16,3,0.44009268188476564,0.437335693359375,0.43257232666015627,0.004142233782440071,False,256,3,0.20401295133373623,0.20396090047231366,0.20386932217054046,7.955594280494424e-05,training_step,3,1036103168.0,1036103168.0,1036103168.0,0.0,3,1088421888.0,1088421888.0,1088421888.0,0.0,float32,True,capacity,"{""ok"": 3}",3,148176371712.0,148176371712.0,148176371712.0,0.0,3,0.10198067474365234,0.10193489583333333,0.10190887832641601,3.976890971973687e-05,3,40192.768997705774,40182.51812120836,40164.48082231807,15.669285144881819,reference-fp32-eager
reference,2,3,0.41380044555664064,0.40086289469401043,0.39046759033203127,0.011872354281510454,False,256,3,0.09355910267258226,0.0896228000852833,0.08439234610823497,0.0047184189451757825,training_step,3,246083072.0,246083072.0,246083072.0,0.0,3,274726912.0,274726912.0,274726912.0,0.0,float32,True,capacity,"{""ok"": 3}",3,18522046464.0,18522046464.0,18522046464.0,0.0,3,0.03079475212097168,0.02905235735575358,0.027777536392211914,0.0015620072450150298,3,18432.36533386322,17656.792908091316,16626.219216518897,929.682840257576,reference-fp32-eager
reference,32,3,0.5428120727539063,0.5321802775065104,0.5249996948242187,0.009394325574763475,False,256,3,0.21276641729260834,0.2126665255669897,0.2125937576839954,8.946849859378074e-05,training_step,3,1963388416.0,1963388416.0,1963388416.0,0.0,3,2124414976.0,2124414976.0,2124414976.0,0.0,float32,True,capacity,"{""ok"": 3}",3,296352743424.0,296352743424.0,296352743424.0,0.0,3,0.19559117126464845,0.19552426910400392,0.19543244934082032,8.224249183449055e-05,3,41917.29730048688,41897.61998325705,41883.285478907055,17.624137961790453,reference-fp32-eager
reference,4,3,0.40425164794921875,0.39958253987630216,0.3903815307617188,0.007968602950790068,False,256,3,0.14819819028318829,0.14559408976138866,0.14096557808600235,0.00401887424383934,training_step,3,355188224.0,355188224.0,355188224.0,0.0,3,415236096.0,415236096.0,415236096.0,0.0,float32,True,capacity,"{""ok"": 3}",3,37044092928.0,37044092928.0,37044092928.0,0.0,3,0.03687199974060058,0.0357182502746582,0.035072511672973636,0.001001546606522092,3,29196.705858611866,28683.845322241687,27772.219497153033,791.5495342116004,reference-fp32-eager
reference,64,3,0.9093928833007813,0.8870580647786458,0.8642467041015625,0.022576861903087334,False,256,3,0.1599328019823626,0.1599169448155062,0.15990161731920335,1.5599077449013248e-05,training_step,3,3817958912.0,3817958912.0,3817958912.0,0.0,3,4016046080.0,4016046080.0,4016046080.0,0.0,float32,True,capacity,"{""ok"": 3}",3,592705486848.0,592705486848.0,592705486848.0,0.0,3,0.5200880737304687,0.5200382283528646,0.5199866638183595,5.072680941908825e-05,3,31508.510352976708,31505.379991814934,31502.357213294137,3.0779802641966643,reference-fp32-eager
reference,8,3,0.4140953674316406,0.40349383544921874,0.39481036376953127,0.009784531570575404,False,256,3,0.18155798595554845,0.180475776905942,0.17990579877891072,0.0009376651882165512,training_step,3,576654848.0,576654848.0,576654848.0,0.0,3,610271232.0,610271232.0,610271232.0,0.0,float32,True,capacity,"{""ok"": 3}",3,74088185856.0,74088185856.0,74088185856.0,0.0,3,0.057782270431518554,0.057600816090901695,0.05725644874572754,0.0002983749262294683,3,35768.94577347482,35555.773406560205,35443.57178544742,184.6980688909531,reference-fp32-eager
reference,1,3,0.4243353576660156,0.403751230875651,0.3920343017578125,0.017883230947425412,False,512,3,0.09961818820138524,0.09809402644620552,0.09518064473222533,0.002523964556133484,training_step,3,255520256.0,255520256.0,255520256.0,0.0,3,274726912.0,274726912.0,274726912.0,0.0,float32,True,capacity,"{""ok"": 3}",3,20132659200.0,20132659200.0,20132659200.0,0.0,3,0.029678592681884768,0.02881004842122396,0.028356544494628905,0.0007524272134450537,3,18056.05651472302,17780.224755894164,17253.279289329657,456.515486114246,reference-fp32-eager
reference,16,3,0.5592534790039062,0.5534033813476563,0.5492920532226563,0.005203363384479328,False,512,3,0.204599069885546,0.20450171723001395,0.2044175380898186,9.148007621743056e-05,training_step,3,2098654720.0,2098654720.0,2098654720.0,0.0,3,2273312768.0,2273312768.0,2273312768.0,0.0,float32,True,capacity,"{""ok"": 3}",3,322122547200.0,322122547200.0,322122547200.0,0.0,3,0.2211025619506836,0.22101157887776693,0.22090638732910156,9.885611324313368e-05,3,37083.59090235556,37065.944317352616,37050.69337707294,16.57908705750266,reference-fp32-eager
reference,2,3,0.4111728515625,0.3970699869791667,0.3876290588378906,0.012444990257415984,False,512,3,0.14879091000413225,0.14805550241743784,0.1473189373703635,0.0007359869994958637,training_step,3,374062592.0,374062592.0,374062592.0,0.0,3,404750336.0,404750336.0,404750336.0,0.0,float32,True,capacity,"{""ok"": 3}",3,40265318400.0,40265318400.0,40265318400.0,0.0,3,0.03834982299804687,0.03815966415405273,0.037970432281494146,0.00018969705693191365,3,26968.35420821071,26835.09266418296,26701.561129536327,133.39674425689495,reference-fp32-eager
reference,32,,,,,,False,512,,,,,,training_step,,,,,,,,,,,float32,False,capacity,"{""memory_capacity_exceeded"": 3}",,,,,,,,,,,,,,,,reference-fp32-eager
reference,4,3,0.4041769104003906,0.4018718566894531,0.4002631530761719,0.0020476942379413846,False,512,3,0.17688869608675023,0.17675121717559747,0.17665347994951694,0.0001225406420459059,training_step,3,611257856.0,611257856.0,611257856.0,0.0,3,641728512.0,641728512.0,641728512.0,0.0,float32,True,capacity,"{""ok"": 3}",3,80530636800.0,80530636800.0,80530636800.0,0.0,3,0.063963134765625,0.06392778587341308,0.06387808036804199,4.430741352306494e-05,3,32061.08306426299,32036.160563726007,32018.443642931783,22.214192477717788,reference-fp32-eager
reference,8,3,0.4918466491699219,0.4679236246744792,0.44420608520507815,0.023820946702304616,False,512,3,0.1967422537876513,0.19620584461369747,0.19515119540320608,0.0009133981865983603,training_step,3,1104260608.0,1104260608.0,1104260608.0,0.0,3,1149239296.0,1149239296.0,1149239296.0,0.0,float32,True,capacity,"{""ok"": 3}",3,161061273600.0,161061273600.0,161061273600.0,0.0,3,0.11580057525634765,0.11517979049682618,0.11486409378051758,0.000537641538784738,3,35659.540294935534,35562.42200729499,35371.16040659849,165.64408393959528,reference-fp32-eager
sdpa,1,3,0.7821220092773438,0.6647469685872397,0.5327706909179688,0.12531527074894316,False,1024,3,0.04318807328393097,0.043074514616688285,0.04297378555107271,0.00010771841588983815,training_step,3,382844416.0,382844416.0,382844416.0,0.0,3,417333248.0,417333248.0,417333248.0,0.0,bfloat16,True,capacity,"{""ok"": 3}",3,46707769344.0,46707769344.0,46707769344.0,0.0,3,0.038125568389892575,0.03803657086690267,0.037936399459838864,9.507819302231795e-05,3,26992.686175170114,26921.72130256356,26858.85902045727,67.28050099579497,sdpa-bf16-eager
sdpa,16,,,,,,False,1024,,,,,,training_step,,,,,,,,,,,bfloat16,False,capacity,"{""memory_capacity_exceeded"": 3}",,,,,,,,,,,,,,,,sdpa-bf16-eager
sdpa,2,3,0.732410888671875,0.6669874267578125,0.5538936157226563,0.0983435347356484,False,1024,3,0.05332636169342721,0.052879938878523526,0.05207671165375039,0.0006970569170396225,training_step,3,630001152.0,630001152.0,630001152.0,0.0,3,668991488.0,668991488.0,668991488.0,0.0,bfloat16,True,capacity,"{""ok"": 3}",3,93415538688.0,93415538688.0,93415538688.0,0.0,3,0.06292255973815919,0.0619740219116211,0.06144803237915039,0.0008230844602656575,3,33328.980475257216,33050.00423428915,32547.98127524362,435.6630767454498,sdpa-bf16-eager
sdpa,4,3,0.8286965942382812,0.7325682576497395,0.57449169921875,0.13796093216941377,False,1024,3,0.05966065533179668,0.05938448944493768,0.058871687029697556,0.0004445395149505854,training_step,3,1121037824.0,1121037824.0,1121037824.0,0.0,3,1283457024.0,1283457024.0,1283457024.0,0.0,bfloat16,True,capacity,"{""ok"": 3}",3,186831077376.0,186831077376.0,186831077376.0,0.0,3,0.11132006454467774,0.11036292394002278,0.10984793853759765,0.0008297075763933718,3,37287.910275487404,37115.31399598318,36794.806498047634,277.841915906728,sdpa-bf16-eager
sdpa,8,3,0.9691740112304688,0.8598589477539061,0.6844190673828126,0.1534624158171046,False,1024,3,0.06160260425378903,0.06143271367811901,0.06109336326148585,0.0002938861605025369,training_step,3,2121723392.0,2121723392.0,2121723392.0,0.0,3,2321547264.0,2321547264.0,2321547264.0,0.0,bfloat16,True,capacity,"{""ok"": 3}",3,373662154752.0,373662154752.0,373662154752.0,0.0,3,0.21454376220703125,0.21336190032958982,0.21277022552490235,0.0010235226799385456,3,38501.62843060837,38395.447535902604,38183.35566971917,183.6769936342536,sdpa-bf16-eager
sdpa,1,3,0.7328624877929687,0.6913573608398438,0.66503271484375,0.036373819927947214,False,128,3,0.005194000502363552,0.0051026063146516155,0.004945134262856785,0.00013696099584508675,training_step,3,180788736.0,180788736.0,180788736.0,0.0,3,241172480.0,241172480.0,241172480.0,0.0,bfloat16,True,capacity,"{""ok"": 3}",3,4429185024.0,4429185024.0,4429185024.0,0.0,3,0.03141785621643066,0.030463119824727377,0.029912495613098146,0.0008300648330579727,3,4279.163079184747,4203.893091043762,4074.122062121248,112.86375527294354,sdpa-bf16-eager
sdpa,128,3,1.1323883056640625,1.0349482421875,0.86703515625,0.14604077734343682,False,128,3,0.0505324701105236,0.0504891913154125,0.050417224188421345,6.275086397687699e-05,training_step,3,3182652928.0,3182652928.0,3182652928.0,0.0,3,3441426432.0,3441426432.0,3441426432.0,0.0,bfloat16,True,capacity,"{""ok"": 3}",3,566935683072.0,566935683072.0,566935683072.0,0.0,3,0.3944442901611328,0.39388245646158854,0.39354470825195315,0.0004898700163529155,3,41631.86488647701,41596.209329697514,41536.9183138082,51.69805712874597,sdpa-bf16-eager
sdpa,16,3,0.7489454345703125,0.6784019978841146,0.543407958984375,0.1169479523626904,False,128,3,0.05798369413694293,0.05638166348272364,0.0546353724477076,0.0016788159001962213,training_step,3,513740288.0,513740288.0,513740288.0,0.0,3,559939584.0,559939584.0,559939584.0,0.0,bfloat16,True,capacity,"{""ok"": 3}",3,70866960384.0,70866960384.0,70866960384.0,0.0,3,0.04549888038635254,0.04411584091186523,0.04287150573730469,0.0013191677485173974,3,47771.55012660773,46451.477573519725,45012.40605864644,1383.4159033425128,sdpa-bf16-eager
sdpa,2,3,0.6674872436523438,0.6204392293294271,0.5409085693359375,0.06925952570040246,False,128,3,0.010645626974665331,0.010378710238048117,0.009948797722230424,0.0003759234892769101,training_step,3,199798272.0,199798272.0,199798272.0,0.0,3,257949696.0,257949696.0,257949696.0,0.0,bfloat16,True,capacity,"{""ok"": 3}",3,8858370048.0,8858370048.0,8858370048.0,0.0,3,0.031233023643493653,0.029965994517008463,0.029188608169555666,0.0011066712229985888,3,8770.570341523762,8550.675337609993,8196.499619823873,309.697886603717,sdpa-bf16-eager
sdpa,256,,,,,,False,128,,,,,,training_step,,,,,,,,,,,bfloat16,False,capacity,"{""memory_capacity_exceeded"": 3}",,,,,,,,,,,,,,,,sdpa-bf16-eager
sdpa,32,3,0.8374364013671876,0.7397014160156251,0.5759498291015624,0.14269705894027004,False,128,3,0.06929933997119941,0.06858915312677744,0.06724289717036493,0.0011664806833794146,training_step,3,885239296.0,885239296.0,885239296.0,0.0,3,1050673152.0,1050673152.0,1050673152.0,0.0,bfloat16,True,capacity,"{""ok"": 3}",3,141733920768.0,141733920768.0,141733920768.0,0.0,3,0.07393638229370117,0.07249928919474284,0.07174233627319336,0.0012451515894544131,3,57093.20681699473,56508.11160834498,55398.98269383001,961.0189064427655,sdpa-bf16-eager
sdpa,4,3,0.7192504272460938,0.6488849080403646,0.5417257080078125,0.09430847097025397,False,128,3,0.02082309401096139,0.019071523862493986,0.017927937950442868,0.0015403622228188072,training_step,3,229830144.0,229830144.0,229830144.0,0.0,3,276824064.0,276824064.0,276824064.0,0.0,bfloat16,True,capacity,"{""ok"": 3}",3,17716740096.0,17716740096.0,17716740096.0,0.0,3,0.03466444778442383,0.03272272523244222,0.029844847679138184,0.0025425235364875394,3,17155.415203018092,15713.657120242953,14773.635394366447,1267.6842245214698,sdpa-bf16-eager
sdpa,64,3,0.865522705078125,0.7393031005859375,0.5935728759765625,0.1370207123398144,False,128,3,0.0728288602723011,0.07256504068407292,0.07206360908654594,0.0004344501634792932,training_step,3,1651043840.0,1651043840.0,1651043840.0,0.0,3,1996488704.0,1996488704.0,1996488704.0,0.0,bfloat16,True,capacity,"{""ok"": 3}",3,283467841536.0,283467841536.0,283467841536.0,0.0,3,0.1379807815551758,0.13703060658772787,0.13653094482421874,0.0008232425200391798,3,60001.0499295648,59783.78582087316,59370.84918280194,357.7765355224831,sdpa-bf16-eager
sdpa,8,3,0.770529296875,0.6861915690104167,0.5197607421875,0.14413769346514274,False,128,3,0.03960690142832696,0.038524645141536897,0.037326987075156776,0.0011443297350402406,training_step,3,324386304.0,324386304.0,324386304.0,0.0,3,354418688.0,354418688.0,354418688.0,0.0,bfloat16,True,capacity,"{""ok"": 3}",3,35433480192.0,35433480192.0,35433480192.0,0.0,3,0.033298271179199215,0.0322821699778239,0.03138150405883789,0.0009635834300878092,3,32630.82814965281,31739.109097601948,30752.356894197703,942.834576839908,sdpa-bf16-eager
sdpa,1,3,0.8059473876953125,0.7672794392903647,0.7435878295898437,0.033769759586346246,False,2048,3,0.04788373462648173,0.04782082318009034,0.04773848481113131,7.454818042829046e-05,training_step,3,764218880.0,764218880.0,764218880.0,0.0,3,784334848.0,784334848.0,784334848.0,0.0,bfloat16,True,capacity,"{""ok"": 3}",3,119185342464.0,119185342464.0,119185342464.0,0.0,3,0.08757598495483399,0.08742533747355143,0.08731033325195312,0.00013636545853538246,3,23456.56023748561,23425.74250929653,23385.409599307008,36.517219798709064,sdpa-bf16-eager
sdpa,2,3,0.8746997680664063,0.8451891276041666,0.7871539306640625,0.05026237313650807,False,2048,3,0.051711626024400104,0.05154940943223316,0.05128046965400607,0.00023455560697831077,training_step,3,1390521856.0,1390521856.0,1390521856.0,0.0,3,1434451968.0,1434451968.0,1434451968.0,0.0,bfloat16,True,capacity,"{""ok"": 3}",3,238370684928.0,238370684928.0,238370684928.0,0.0,3,0.1630540771484375,0.16220564778645832,0.16169458007812498,0.0007398768377642757,3,25331.7093318396,25252.249823609764,25120.515693979643,114.89197186939676,sdpa-bf16-eager
sdpa,4,3,1.0315704345703125,0.9975770467122396,0.9704171752929688,0.03114406829959824,False,2048,3,0.05303260728321766,0.05295169647657184,0.05281321966945047,0.00012049113899651885,training_step,3,2659642880.0,2659642880.0,2659642880.0,0.0,3,3015704576.0,3015704576.0,3015704576.0,0.0,bfloat16,True,capacity,"{""ok"": 3}",3,476741369856.0,476741369856.0,476741369856.0,0.0,3,0.31664381408691405,0.31581683349609374,0.31533390808105466,0.0007195442370230062,3,25978.811057341896,25939.180878737952,25871.356368754954,59.015402788279104,sdpa-bf16-eager
sdpa,8,,,,,,False,2048,,,,,,training_step,,,,,,,,,,,bfloat16,False,capacity,"{""memory_capacity_exceeded"": 3}",,,,,,,,,,,,,,,,sdpa-bf16-eager
sdpa,1,3,0.6788577270507813,0.6234821980794271,0.53085595703125,0.08072696355556382,False,256,3,0.01107783673102318,0.010114661381443487,0.008544186476637324,0.001371661570950021,training_step,3,202026496.0,202026496.0,202026496.0,0.0,3,260046848.0,260046848.0,260046848.0,0.0,bfloat16,True,capacity,"{""ok"": 3}",3,9261023232.0,9261023232.0,9261023232.0,0.0,3,0.03802060890197754,0.03254783503214518,0.02932478427886963,0.004764481298613733,3,8729.817056478852,7971.208855631116,6734.125402815736,1080.4629652071744,sdpa-bf16-eager
sdpa,128,,,,,,False,256,,,,,,training_step,,,,,,,,,,,bfloat16,False,capacity,"{""memory_capacity_exceeded"": 3}",,,,,,,,,,,,,,,,sdpa-bf16-eager
sdpa,16,3,0.7409028930664062,0.663189453125,0.541562744140625,0.10667898172540025,False,256,3,0.06740758918029773,0.06712624546028038,0.06669069656922445,0.00038251559449798143,training_step,3,918924800.0,918924800.0,918924800.0,0.0,3,1084227584.0,1084227584.0,1084227584.0,0.0,bfloat16,True,capacity,"{""ok"": 3}",3,148176371712.0,148176371712.0,148176371712.0,0.0,3,0.07793714904785157,0.07743313471476237,0.07710827255249024,0.0004425276108583165,3,53120.140365269064,52898.467259206984,52555.34002046363,301.35226418944484,sdpa-bf16-eager
sdpa,2,3,0.713786376953125,0.645567138671875,0.5172244262695312,0.11122173447410023,False,256,3,0.02164472880312813,0.020436004138088916,0.01827322020717115,0.0018773490259564117,training_step,3,234155520.0,234155520.0,234155520.0,0.0,3,272629760.0,272629760.0,272629760.0,0.0,bfloat16,True,capacity,"{""ok"": 3}",3,18522046464.0,18522046464.0,18522046464.0,0.0,3,0.035555328369140625,0.031982250849405924,0.03001702404022217,0.0030995308742604276,3,17057.002382914205,16104.722533552129,14400.095068839406,1479.6314810245465,sdpa-bf16-eager
sdpa,32,3,0.9326438598632812,0.7639944661458333,0.6020341796875,0.16540631267707426,False,256,3,0.070833130323123,0.0705005678026203,0.0699043972392609,0.0005174487273721583,training_step,3,1718283776.0,1718283776.0,1718283776.0,0.0,3,1814036480.0,1814036480.0,1814036480.0,0.0,bfloat16,True,capacity,"{""ok"": 3}",3,296352743424.0,296352743424.0,296352743424.0,0.0,3,0.14870832061767578,0.14745612335205077,0.14675852203369139,0.0010867893669287856,3,55819.58639937895,55557.53149615388,55087.76081891367,407.7395641054083,sdpa-bf16-eager
sdpa,4,3,0.7980318603515625,0.6927257283528645,0.5072506103515625,0.16111714240081634,False,256,3,0.040738605094962535,0.03989185446355489,0.038752362231807294,0.0010249699562845634,training_step,3,334478848.0,334478848.0,334478848.0,0.0,3,371195904.0,371195904.0,371195904.0,0.0,bfloat16,True,capacity,"{""ok"": 3}",3,37044092928.0,37044092928.0,37044092928.0,0.0,3,0.03353139305114746,0.032588075002034506,0.031896543502807614,0.0008460086355672721,3,32104.03659928724,31436.633587029322,30538.627844338385,807.780512874632,sdpa-bf16-eager
sdpa,64,3,1.1886510009765625,1.068100301106771,0.8654407958984375,0.17655764243513453,False,256,3,0.05027094568367434,0.050227472770750965,0.050169394316595464,5.23274441847656e-05,training_step,3,3317001728.0,3317001728.0,3317001728.0,0.0,3,3573547008.0,3573547008.0,3573547008.0,0.0,bfloat16,True,capacity,"{""ok"": 3}",3,592705486848.0,592705486848.0,592705486848.0,0.0,3,0.41441064453125,0.4139317576090495,0.4135735015869141,0.0004314115643451584,3,39615.6909307133,39581.432523129806,39535.66436854935,41.2361294242784,sdpa-bf16-eager
sdpa,8,3,0.7636213989257813,0.6698946736653646,0.5167083740234375,0.1337650597347048,False,256,3,0.05807176186449416,0.05681468318797439,0.05507543424301293,0.0015552687644390256,training_step,3,531566080.0,531566080.0,531566080.0,0.0,3,578813952.0,578813952.0,578813952.0,0.0,bfloat16,True,capacity,"{""ok"": 3}",3,74088185856.0,74088185856.0,74088185856.0,0.0,3,0.04718694305419922,0.0457655569712321,0.04475223922729492,0.0012676101562288783,3,45763.07488280322,44772.57498342788,43402.23738078918,1225.3962372817507,sdpa-bf16-eager
sdpa,1,3,0.7445791015625,0.669745849609375,0.5582366943359375,0.09843634794128739,False,512,3,0.023784967819767844,0.023529749294058405,0.02334928878041278,0.00022725674161427553,training_step,3,242806272.0,242806272.0,242806272.0,0.0,3,322961408.0,322961408.0,322961408.0,0.0,bfloat16,True,capacity,"{""ok"": 3}",3,20132659200.0,20132659200.0,20132659200.0,0.0,3,0.030245327949523927,0.030015221277872723,0.029691311836242677,0.00028867400850369774,3,17247.39093304978,17060.16985252716,16928.245124324087,166.60365164569393,sdpa-bf16-eager
sdpa,16,3,0.77766552734375,0.7305458984375001,0.6468046875,0.07271172569817459,False,512,3,0.06661203181177261,0.06644702772121051,0.0662115830417152,0.0002093112796460486,training_step,3,1852763648.0,1852763648.0,1852763648.0,0.0,3,1975517184.0,1975517184.0,1975517184.0,0.0,bfloat16,True,capacity,"{""ok"": 3}",3,322122547200.0,322122547200.0,322122547200.0,0.0,3,0.1706545867919922,0.170051025390625,0.16962866973876953,0.0005364262230403605,3,48293.72340846111,48174.0965928334,48003.399248026915,151.75038301732226,sdpa-bf16-eager
sdpa,2,3,0.7785267333984375,0.6462353922526042,0.512431884765625,0.13305386917527923,False,512,3,0.04233415634056942,0.042131335898620774,0.04174983960017195,0.00033060597325099063,training_step,3,350993920.0,350993920.0,350993920.0,0.0,3,392167424.0,392167424.0,392167424.0,0.0,bfloat16,True,capacity,"{""ok"": 3}",3,40265318400.0,40265318400.0,40265318400.0,0.0,3,0.033830400466918945,0.03352545102437337,0.033363456726074214,0.0002642654805842088,3,30692.264568706498,30545.54048433642,30269.598327217565,239.13316513456496,sdpa-bf16-eager
sdpa,32,3,1.1923404541015625,1.0696703287760416,0.9399600830078125,0.1263373871830529,False,512,3,0.049261744185583455,0.04921456958313508,0.049157446128373784,5.2855992386731284e-05,training_step,3,3585699328.0,3585699328.0,3585699328.0,0.0,3,3846176768.0,3846176768.0,3846176768.0,0.0,bfloat16,True,capacity,"{""ok"": 3}",3,644245094400.0,644245094400.0,644245094400.0,0.0,3,0.4597191772460938,0.45918593343098957,0.45874584960937503,0.0004933059500861195,3,35714.76476518953,35680.56338114199,35639.14861853667,38.320686728192136,sdpa-bf16-eager
sdpa,4,3,0.7571834716796875,0.6609766438802084,0.523335693359375,0.12230611493544662,False,512,3,0.05579238946912513,0.05525812244442559,0.05428809502053793,0.0008415110166468483,training_step,3,559353344.0,559353344.0,559353344.0,0.0,3,610271232.0,610271232.0,610271232.0,0.0,bfloat16,True,capacity,"{""ok"": 3}",3,80530636800.0,80530636800.0,80530636800.0,0.0,3,0.05203401565551758,0.05112855974833171,0.05063105583190918,0.0007854251630427069,3,40449.50315987434,40062.22208410928,39358.92648115294,610.113316597574,sdpa-bf16-eager
sdpa,64,,,,,,False,512,,,,,,training_step,,,,,,,,,,,bfloat16,False,capacity,"{""memory_capacity_exceeded"": 3}",,,,,,,,,,,,,,,,sdpa-bf16-eager
sdpa,8,3,0.8303544311523438,0.7046062011718751,0.5540833129882813,0.13979188263170575,False,512,3,0.0639376333135857,0.06376461597543605,0.0634659096779514,0.0002597673631887736,training_step,3,986295808.0,986295808.0,986295808.0,0.0,3,1038090240.0,1038090240.0,1038090240.0,0.0,bfloat16,True,capacity,"{""ok"": 3}",3,161061273600.0,161061273600.0,161061273600.0,0.0,3,0.08901873779296875,0.08860271072387695,0.08836196899414063,0.0003617734462661061,3,46354.793133742365,46229.37434707619,46012.85866869176,188.2917347041677,sdpa-bf16-eager
reference,1,3,0.5286666259765626,0.5087497965494792,0.4890204162597656,0.019823769548483625,False,1024,3,0.04497350779487402,0.04143540023911549,0.038609864360580934,0.003241112191222591,training_step,3,416529920.0,416529920.0,416529920.0,0.0,3,486539264.0,486539264.0,486539264.0,0.0,bfloat16,True,control,"{""ok"": 3}",3,46707769344.0,46707769344.0,46707769344.0,0.0,3,0.04243475151062012,0.039699349721272786,0.03643033599853515,0.003037566078628423,3,28108.518368895868,25897.231485939785,24131.26563683668,2025.677156178146,reference-bf16-eager
reference,1,3,0.6322440185546875,0.5886842244466145,0.5435873413085938,0.0443483211305005,False,128,3,0.004001269515723472,0.003953034263216095,0.003913812444928482,4.441977381004385e-05,training_step,3,180788736.0,180788736.0,180788736.0,0.0,3,241172480.0,241172480.0,241172480.0,0.0,bfloat16,True,control,"{""ok"": 3}",3,4429185024.0,4429185024.0,4429185024.0,0.0,3,0.03969672012329102,0.03930614916483561,0.03882905578613281,0.00044025554783346925,3,3296.725076480643,3257.058234410137,3225.0819220689054,36.43547144135318,reference-bf16-eager
reference,1,3,0.586598388671875,0.535595692952474,0.4798423156738281,0.053536356917043657,False,2048,3,0.050692937184128505,0.04963313287787619,0.04893021783069664,0.0009339819790402464,training_step,3,900533760.0,900533760.0,900533760.0,0.0,3,943718400.0,943718400.0,943718400.0,0.0,bfloat16,True,control,"{""ok"": 3}",3,119185342464.0,119185342464.0,119185342464.0,0.0,3,0.0854430046081543,0.08425265121459961,0.08247193908691405,0.0015710506545299806,3,24832.700404138326,24313.532488670087,23969.19486026986,457.5310678304868,reference-bf16-eager
reference,1,3,0.5732135620117188,0.5187088623046875,0.47288626098632813,0.05072401755660501,False,256,3,0.011048756069259287,0.00923943472135989,0.008078157942029922,0.0015877923763873876,training_step,3,202812928.0,202812928.0,202812928.0,0.0,3,260046848.0,260046848.0,260046848.0,0.0,bfloat16,True,control,"{""ok"": 3}",3,9261023232.0,9261023232.0,9261023232.0,0.0,3,0.040214015960693364,0.03580923207600911,0.029401968002319333,0.005677370909502455,3,8706.916136444972,7281.219455993451,6366.353191610252,1251.107313610125,reference-bf16-eager
reference,1,3,0.5294970092773438,0.5147715657552083,0.487806884765625,0.023385162406728954,False,512,3,0.020958341378567454,0.01949358189827946,0.018198919671021302,0.0013875524662640515,training_step,3,249097728.0,249097728.0,249097728.0,0.0,3,289406976.0,289406976.0,289406976.0,0.0,bfloat16,True,control,"{""ok"": 3}",3,20132659200.0,20132659200.0,20132659200.0,0.0,3,0.03880488014221191,0.036349061330159506,0.03369574356079101,0.0025602877827519722,3,15195.084457835961,14132.967827199258,13194.266248043483,1006.1022976607918,reference-bf16-eager
reference,1,3,0.44897280883789065,0.4169085489908854,0.3962437744140625,0.02815224620054572,False,1024,3,0.14936045707429935,0.1466197805383266,0.1417151923967488,0.004257276485630802,training_step,3,407223808.0,407223808.0,407223808.0,0.0,3,488636416.0,488636416.0,488636416.0,0.0,float32,True,control,"{""ok"": 3}",3,46707769344.0,46707769344.0,46707769344.0,0.0,3,0.04624486541748047,0.04472348276774089,0.04387774467468262,0.001320298007260401,3,23337.642234001112,22909.3971110836,22143.00093985247,665.2454840342646,reference-fp32-eager
reference,1,3,0.9872128295898438,0.6127065734863281,0.41025408935546875,0.3246878844686438,False,128,3,0.023252769329447878,0.02080951463647779,0.019058212281702493,0.0021812096954322287,training_step,3,180788736.0,180788736.0,180788736.0,0.0,3,239075328.0,239075328.0,239075328.0,0.0,float32,True,control,"{""ok"": 3}",3,4429185024.0,4429185024.0,4429185024.0,0.0,3,0.03260862350463867,0.030075503667195636,0.026726367950439454,0.0030248378531245747,3,4789.328607963811,4286.072607614967,3925.3451317187046,449.2801431380175,reference-fp32-eager
reference,1,3,0.45835443115234376,0.4506923522949218,0.4370810852050781,0.011818774996445324,False,2048,3,0.15791908860450138,0.1559240962005658,0.1542083621531802,0.001871058957224731,training_step,3,829885952.0,829885952.0,829885952.0,0.0,3,864026624.0,864026624.0,864026624.0,0.0,float32,True,control,"{""ok"": 3}",3,119185342464.0,119185342464.0,119185342464.0,0.0,3,0.10844404983520509,0.10726103973388672,0.10589587020874024,0.0012838190658927295,3,19339.753398265086,19095.43771958702,18885.323940294864,229.13720891417955,reference-fp32-eager
reference,1,3,0.4364871826171875,0.4266806030273438,0.4106854248046875,0.013969851156410458,False,256,3,0.040481403885041,0.03789902639665739,0.03602866311342357,0.002310183600075404,training_step,3,199273984.0,199273984.0,199273984.0,0.0,3,262144000.0,262144000.0,262144000.0,0.0,float32,True,control,"{""ok"": 3}",3,9261023232.0,9261023232.0,9261023232.0,0.0,3,0.03606630325317382,0.034369455655415854,0.03209920024871826,0.0020447674558503673,3,7975.454666328315,7467.009130656738,7098.359651246148,454.95177698311124,reference-fp32-eager
reference,1,3,0.4866855773925781,0.44607244873046875,0.41410867309570315,0.037053478111685446,False,512,3,0.09947467017407836,0.08905774615173713,0.08151591049050627,0.009318200585747114,training_step,3,255520256.0,255520256.0,255520256.0,0.0,3,274726912.0,274726912.0,274726912.0,0.0,float32,True,control,"{""ok"": 3}",3,20132659200.0,20132659200.0,20132659200.0,0.0,3,0.034653696060180664,0.03194278939565023,0.028397456169128418,0.003210503879317998,3,18029.957802918936,16142.309940237625,14776.026817681122,1688.455687412832,reference-fp32-eager
sdpa,1,3,70.5957734375,68.85509895833333,66.2358828125,2.308904103799642,True,1024,3,0.06461937724951808,0.06327363813191285,0.06072570736355709,0.002207739764795794,training_step,3,345132544.0,345132544.0,345132544.0,0.0,3,637534208.0,637534208.0,637534208.0,0.0,bfloat16,True,control,"{""ok"": 3}",3,46707769344.0,46707769344.0,46707769344.0,0.0,3,0.026980336189270017,0.02591534423828125,0.025354623794555664,0.0009227418449165948,3,40387.116882855975,39546.04950974484,37953.63801584651,1379.7982968269364,sdpa-bf16-compile
sdpa,1,3,66.46771875,65.36721744791667,64.5082734375,1.0018078293952206,True,128,3,0.009422734676808998,0.007968799732190182,0.005349666102030748,0.002272825969206776,training_step,3,180788736.0,180788736.0,180788736.0,0.0,3,624951296.0,624951296.0,624951296.0,0.0,bfloat16,True,control,"{""ok"": 3}",3,4429185024.0,4429185024.0,4429185024.0,0.0,3,0.02904209613800049,0.02084668286641439,0.016488368034362794,0.007102219065265752,3,7763.053576825903,6565.261817354224,4407.536382615851,1872.4258078340756,sdpa-bf16-compile
sdpa,1,3,68.7220703125,68.4826875,68.0063515625,0.4125208114275416,True,2048,3,0.08265530062215692,0.08221863958483146,0.08135451746833693,0.0007483658423316546,training_step,3,694693376.0,694693376.0,694693376.0,0.0,3,912261120.0,912261120.0,912261120.0,0.0,bfloat16,True,control,"{""ok"": 3}",3,119185342464.0,119185342464.0,119185342464.0,0.0,3,0.05138921546936035,0.050851935704549156,0.050580480575561526,0.00046530644189609,3,40489.93005974583,40276.05459095457,39852.72070254838,366.62455371358527,sdpa-bf16-compile
sdpa,1,3,65.44258203125,64.97231510416667,64.096734375,0.758970313699976,True,256,3,0.019404403423716736,0.017653287362631814,0.01470003166992926,0.00257228170500194,training_step,3,193048064.0,193048064.0,193048064.0,0.0,3,627048448.0,627048448.0,627048448.0,0.0,bfloat16,True,control,"{""ok"": 3}",3,9261023232.0,9261023232.0,9261023232.0,0.0,3,0.022098943710327147,0.018689663887023925,0.01674131202697754,0.002962564294488342,3,15291.809632620403,13911.753769277268,11584.312240424293,2027.199774984049,sdpa-bf16-compile
sdpa,1,3,66.2189296875,64.18937239583333,61.080390625,2.734047151911935,True,512,3,0.04039330972677044,0.040070899729506976,0.03967297565631605,0.0003660561091031409,training_step,3,224849408.0,224849408.0,224849408.0,0.0,3,633339904.0,633339904.0,633339904.0,0.0,bfloat16,True,control,"{""ok"": 3}",3,20132659200.0,20132659200.0,20132659200.0,0.0,3,0.01780070400238037,0.01762491734822591,0.01748326396942139,0.00016144923039716164,3,29285.191768460958,29051.57613297345,28763.341027004004,265.1782683527974,sdpa-bf16-compile
sdpa,1,3,0.5371924438476563,0.5330544637044271,0.5300828247070313,0.0036955290328359387,False,1024,3,0.0430102830508753,0.04299256200088957,0.04297109834963714,1.9858637943275752e-05,training_step,3,382844416.0,382844416.0,382844416.0,0.0,3,417333248.0,417333248.0,417333248.0,0.0,bfloat16,True,control,"{""ok"": 3}",3,46707769344.0,46707769344.0,46707769344.0,0.0,3,0.03812795257568359,0.03810892295837402,0.03809321594238281,1.7605061286708942e-05,3,26881.43666003047,26870.369279326886,26856.937018268778,12.419847258772016,sdpa-bf16-eager
sdpa,1,3,0.6053212280273438,0.5770724690755209,0.5435504760742188,0.03122117386036379,False,128,3,0.004765677845895194,0.004313609394218451,0.003910121480607305,0.0004298420931635396,training_step,3,180788736.0,180788736.0,180788736.0,0.0,3,241172480.0,241172480.0,241172480.0,0.0,bfloat16,True,control,"{""ok"": 3}",3,4429185024.0,4429185024.0,4429185024.0,0.0,3,0.03973419189453125,0.03625429852803549,0.032600927352905276,0.003569795045625317,3,3926.3795227128367,3554.21020409133,3222.44640804114,353.70172769375176,sdpa-bf16-eager
sdpa,1,3,0.5943900146484375,0.5634582926432291,0.5401466674804688,0.027912982372229774,False,2048,3,0.04780583460221892,0.04701501945816126,0.046347329212520855,0.0007370069866712725,training_step,3,764218880.0,764218880.0,764218880.0,0.0,3,784334848.0,784334848.0,784334848.0,0.0,bfloat16,True,control,"{""ok"": 3}",3,119185342464.0,119185342464.0,119185342464.0,0.0,3,0.09020465469360352,0.08893811670939128,0.08745260620117187,0.0013890300395874708,3,23418.402625961455,23031.103269594652,22703.936530871477,361.00886282304157,sdpa-bf16-eager
sdpa,1,3,0.5393684692382813,0.5278204650878907,0.5107527770996094,0.015085245818232963,False,256,3,0.01122322827773526,0.010944018695950616,0.010779392220819223,0.0002430937629854509,training_step,3,202026496.0,202026496.0,202026496.0,0.0,3,260046848.0,260046848.0,260046848.0,0.0,bfloat16,True,control,"{""ok"": 3}",3,9261023232.0,9261023232.0,9261023232.0,0.0,3,0.03013668727874756,0.029693002382914224,0.028944895744323733,0.0006516104768023253,3,8844.51740182981,8624.411700823426,8494.650874020026,191.63322791594047,sdpa-bf16-eager
sdpa,1,3,0.542904296875,0.5361947224934895,0.530882568359375,0.006131482417549738,False,512,3,0.02088060823789604,0.01945802022687333,0.01775059972975934,0.0015843249269331529,training_step,3,242806272.0,242806272.0,242806272.0,0.0,3,322961408.0,322961408.0,322961408.0,0.0,bfloat16,True,control,"{""ok"": 3}",3,20132659200.0,20132659200.0,20132659200.0,0.0,3,0.039784959793090824,0.036458799997965495,0.03382118415832519,0.0030409249480104375,3,15138.595426518423,14107.557051959016,12870.478316971365,1148.0105741015964,sdpa-bf16-eager
sdpa,1,3,0.4324226989746094,0.4232166951497396,0.41068429565429687,0.011244475347789608,False,1024,3,0.15548887308445392,0.15073688159350349,0.14804534223875646,0.004127424756055676,training_step,3,403947008.0,403947008.0,403947008.0,0.0,3,482344960.0,482344960.0,482344960.0,0.0,float32,True,control,"{""ok"": 3}",3,46707769344.0,46707769344.0,46707769344.0,0.0,3,0.04426751899719238,0.04349849637349446,0.04214835357666016,0.0011730264326154087,3,24295.1729908844,23553.27307229597,23133.919568034496,644.3248560055202,sdpa-fp32-eager
sdpa,1,3,0.4508294677734375,0.44005791219075524,0.4290467834472656,0.010893318162430965,False,128,3,0.02108198170459167,0.019682255403217774,0.018835142836832196,0.0012211092004779805,training_step,3,180788736.0,180788736.0,180788736.0,0.0,3,239075328.0,239075328.0,239075328.0,0.0,float32,True,control,"{""ok"": 3}",3,4429185024.0,4429185024.0,4429185024.0,0.0,3,0.032994815826416016,0.03165334383646647,0.02947835159301758,0.0019006438871966057,3,4342.199431825638,4053.888628735938,3879.40801182104,251.51929959927716,sdpa-fp32-eager
sdpa,1,3,0.47724237060546876,0.4559469197591146,0.44281753540039065,0.018608621688198573,False,2048,3,0.170234006671812,0.1697936968794922,0.169572659747093,0.00038132048627144877,training_step,3,813108736.0,813108736.0,813108736.0,0.0,3,847249408.0,847249408.0,847249408.0,0.0,float32,True,control,"{""ok"": 3}",3,119185342464.0,119185342464.0,119185342464.0,0.0,3,0.09861837005615234,0.0984903195699056,0.09823524475097656,0.00022090186890686548,3,20847.9602556255,20794.014286701135,20766.925962361536,46.71872189688717,sdpa-fp32-eager
sdpa,1,3,0.4245248107910156,0.4146360371907552,0.3991572570800781,0.013576241192215196,False,256,3,0.04873265323364379,0.046417151703567784,0.0421633570568135,0.003688719048579206,training_step,3,199011840.0,199011840.0,199011840.0,0.0,3,262144000.0,262144000.0,262144000.0,0.0,float32,True,control,"{""ok"": 3}",3,9261023232.0,9261023232.0,9261023232.0,0.0,3,0.030818719863891602,0.02811842123667399,0.026664271354675292,0.0023408386585453524,3,9600.873979305718,9144.822553826622,8306.942057277298,726.5741767684866,sdpa-fp32-eager
sdpa,1,3,0.47611175537109374,0.44023803710937504,0.41480703735351565,0.03195864343410331,False,512,3,0.08803640058010628,0.0849116579432807,0.08265410077164244,0.002793974906888318,training_step,3,254471680.0,254471680.0,254471680.0,0.0,3,274726912.0,274726912.0,274726912.0,0.0,float32,True,control,"{""ok"": 3}",3,20132659200.0,20132659200.0,20132659200.0,0.0,3,0.0341764965057373,0.03329154745737711,0.03208704090118408,0.001080760811400453,3,15956.738164378268,15390.297609246036,14981.082415505894,506.4739833156134,sdpa-fp32-eager
