attention_backend,batch_size,cold_seconds,compile_model,context_length,failure_type,mfu,operation,peak_allocated_bytes,peak_reserved_bytes,precision,run,stage,status,step_flops,step_seconds,tokens_per_second,variant
reference,1,16.40826171875,False,128,,,forward_only,11060224,25165824,float32,1,attention,ok,,0.001257472038269043,101791.59534956966,attention-reference-fp32
reference,1,16.3638251953125,False,256,,,forward_only,13633536,27262976,float32,1,attention,ok,,0.002476032018661499,103391.39079947062,attention-reference-fp32
reference,1,16.1833505859375,False,512,,,forward_only,22024192,29360128,float32,1,attention,ok,,0.007259136199951172,70531.81351757864,attention-reference-fp32
reference,1,16.0281396484375,False,1024,,,forward_only,51781632,67108864,float32,1,attention,ok,,0.013857792139053346,234077.98184635732,attention-reference-fp32
reference,1,16.0861318359375,False,2048,,,forward_only,165298176,184549376,float32,1,attention,ok,,0.006945248126983643,294877.88752651884,attention-reference-fp32
reference,1,15.990767578125,False,128,,,forward_backward,20170752,25165824,float32,1,attention,ok,,0.004005375981330872,31964.696935988857,attention-reference-fp32
reference,1,16.404845703125,False,256,,,forward_backward,24120320,29360128,float32,1,attention,ok,,0.0068408319950103765,37422.4411002432,attention-reference-fp32
reference,1,19.926470703125,False,512,,,forward_backward,38409216,50331648,float32,1,attention,ok,,0.004775568008422852,108517.04646098745,attention-reference-fp32
reference,1,17.64476171875,False,1024,,,forward_backward,92546048,102760448,float32,1,attention,ok,,0.00542193603515625,188895.57492622532,attention-reference-fp32
reference,1,17.591890625,False,2048,,,forward_backward,303055872,385875968,float32,1,attention,ok,,0.016912896156311034,121116.4960587135,attention-reference-fp32
reference,1,21.67099609375,False,128,,,forward_only,11060224,25165824,float32,2,attention,ok,,0.001300991952419281,98389.89427449138,attention-reference-fp32
reference,1,21.999462890625,False,256,,,forward_only,13633536,27262976,float32,2,attention,ok,,0.0024995839595794676,102417.06104071125,attention-reference-fp32
reference,1,18.130876953125,False,512,,,forward_only,22024192,29360128,float32,2,attention,ok,,0.0009006080031394958,568527.0635235254,attention-reference-fp32
reference,1,18.35362109375,False,1024,,,forward_only,51781632,67108864,float32,2,attention,ok,,0.001976191997528076,518171.5822755103,attention-reference-fp32
reference,1,16.90610546875,False,2048,,,forward_only,165298176,184549376,float32,2,attention,ok,,0.006780928134918213,302023.6620301626,attention-reference-fp32
reference,1,15.818884765625,False,128,,,forward_backward,20170752,25165824,float32,2,attention,ok,,0.0026000640392303464,49231.073459511106,attention-reference-fp32
reference,1,16.0189150390625,False,256,,,forward_backward,24120320,29360128,float32,2,attention,ok,,0.0024535999298095704,104336.77892400022,attention-reference-fp32
reference,1,16.004296875,False,512,,,forward_backward,38409216,50331648,float32,2,attention,ok,,0.0024755200147628786,206825.45263097956,attention-reference-fp32
reference,1,17.246134765625,False,1024,,,forward_backward,92546048,102760448,float32,2,attention,ok,,0.005170687913894653,198039.5704171349,attention-reference-fp32
reference,1,16.210041015625,False,2048,,,forward_backward,303055872,385875968,float32,2,attention,ok,,0.01618175983428955,126562.2755152875,attention-reference-fp32
reference,1,16.1313115234375,False,128,,,forward_only,11060224,25165824,float32,3,attention,ok,,0.0007373279929161073,173608.02568673174,attention-reference-fp32
reference,1,15.6312197265625,False,256,,,forward_only,13633536,27262976,float32,3,attention,ok,,0.0007525120079517364,340194.61807087617,attention-reference-fp32
reference,1,15.8974736328125,False,512,,,forward_only,22024192,29360128,float32,3,attention,ok,,0.0009588319957256318,533989.8883099381,attention-reference-fp32
reference,1,15.805955078125,False,1024,,,forward_only,51781632,67108864,float32,3,attention,ok,,0.0018631680011749266,549603.5722435346,attention-reference-fp32
reference,1,15.6490654296875,False,2048,,,forward_only,165298176,184549376,float32,3,attention,ok,,0.006796288013458251,301341.0282674568,attention-reference-fp32
reference,1,19.38590234375,False,128,,,forward_backward,20170752,25165824,float32,3,attention,ok,,0.002397567987442017,53389.801098169795,attention-reference-fp32
reference,1,18.450439453125,False,256,,,forward_backward,24120320,29360128,float32,3,attention,ok,,0.00243832004070282,104993.03479468577,attention-reference-fp32
reference,1,15.9280263671875,False,512,,,forward_backward,38409216,50331648,float32,3,attention,ok,,0.00245196807384491,208812.300362828,attention-reference-fp32
reference,1,16.0517705078125,False,1024,,,forward_backward,92546048,102760448,float32,3,attention,ok,,0.00522649598121643,195924.95361918025,attention-reference-fp32
reference,1,15.7049365234375,False,2048,,,forward_backward,303055872,385875968,float32,3,attention,ok,,0.017439616203308105,117434.12043639075,attention-reference-fp32
sdpa,1,16.900890625,False,128,,,forward_only,11175936,25165824,float32,1,attention,ok,,0.0007469760179519653,171359.48962315544,attention-sdpa-fp32
sdpa,1,15.7062958984375,False,256,,,forward_only,14093824,27262976,float32,1,attention,ok,,0.0007659039795398712,334247.8332586655,attention-sdpa-fp32
sdpa,1,15.873419921875,False,512,,,forward_only,23861760,29360128,float32,1,attention,ok,,0.0009712640047073364,527151.7883163367,attention-sdpa-fp32
sdpa,1,16.01546484375,False,1024,,,forward_only,59126272,67108864,float32,1,attention,ok,,0.0019471360445022584,525900.9200317312,attention-sdpa-fp32
sdpa,1,15.8537861328125,False,2048,,,forward_only,192569856,218103808,float32,1,attention,ok,,0.007078896045684815,289310.79999815987,attention-sdpa-fp32
sdpa,1,15.9281435546875,False,128,,,forward_backward,20154368,25165824,float32,1,attention,ok,,0.0024299520254135133,52679.31425232547,attention-sdpa-fp32
sdpa,1,15.535220703125,False,256,,,forward_backward,24054784,31457280,float32,1,attention,ok,,0.0022763360738754274,112467.99093394757,attention-sdpa-fp32
sdpa,1,15.6983701171875,False,512,,,forward_backward,38147072,50331648,float32,1,attention,ok,,0.0024197120666503906,211634.23505652806,attention-sdpa-fp32
sdpa,1,15.951779296875,False,1024,,,forward_backward,91497472,102760448,float32,1,attention,ok,,0.004693392038345337,218179.20856538863,attention-sdpa-fp32
sdpa,1,15.474673828125,False,2048,,,forward_backward,298861568,352321536,float32,1,attention,ok,,0.015395296096801757,133066.3682773439,attention-sdpa-fp32
sdpa,1,16.933501953125,False,128,,,forward_only,11175936,25165824,float32,2,attention,ok,,0.0007485760152339935,170991.658977103,attention-sdpa-fp32
sdpa,1,16.887025390625,False,256,,,forward_only,14093824,27262976,float32,2,attention,ok,,0.0007362560033798218,347705.8170460775,attention-sdpa-fp32
sdpa,1,15.936939453125,False,512,,,forward_only,23861760,29360128,float32,2,attention,ok,,0.0009687040150165558,528555.983594306,attention-sdpa-fp32
sdpa,1,16.0096171875,False,1024,,,forward_only,59126272,67108864,float32,2,attention,ok,,0.0019348479509353638,529240.5903060902,attention-sdpa-fp32
sdpa,1,15.87537890625,False,2048,,,forward_only,192569856,218103808,float32,2,attention,ok,,0.007056383848190307,290233.6993315234,attention-sdpa-fp32
sdpa,1,15.825775390625,False,128,,,forward_backward,20154368,25165824,float32,2,attention,ok,,0.002286512017250061,55981.35614664247,attention-sdpa-fp32
sdpa,1,15.8654326171875,False,256,,,forward_backward,24054784,31457280,float32,2,attention,ok,,0.003296671986579895,77690.27725938655,attention-sdpa-fp32
sdpa,1,15.6674599609375,False,512,,,forward_backward,38147072,50331648,float32,2,attention,ok,,0.0036111359596252444,141788.91002900223,attention-sdpa-fp32
sdpa,1,15.76874609375,False,1024,,,forward_backward,91497472,102760448,float32,2,attention,ok,,0.004708352088928223,217486.2296531163,attention-sdpa-fp32
sdpa,1,16.9240859375,False,2048,,,forward_backward,298861568,352321536,float32,2,attention,ok,,0.014982143878936767,136735.66076008088,attention-sdpa-fp32
sdpa,1,15.74195703125,False,128,,,forward_only,11175936,25165824,float32,3,attention,ok,,0.0007782880067825317,164463.53968070826,attention-sdpa-fp32
sdpa,1,16.993423828125,False,256,,,forward_only,14093824,27262976,float32,3,attention,ok,,0.000740880012512207,345539.21083334874,attention-sdpa-fp32
sdpa,1,15.857234375,False,512,,,forward_only,23861760,29360128,float32,3,attention,ok,,0.000978303998708725,523358.655430944,attention-sdpa-fp32
sdpa,1,15.93244140625,False,1024,,,forward_only,59126272,67108864,float32,3,attention,ok,,0.0019389439821243287,528124.3337587765,attention-sdpa-fp32
sdpa,1,16.01429296875,False,2048,,,forward_only,192569856,218103808,float32,3,attention,ok,,0.0070660321712493895,289837.41568126425,attention-sdpa-fp32
sdpa,1,15.91223828125,False,128,,,forward_backward,20154368,25165824,float32,3,attention,ok,,0.0023086080551147463,55446.95847405896,attention-sdpa-fp32
sdpa,1,17.047564453125,False,256,,,forward_backward,24054784,31457280,float32,3,attention,ok,,0.002397152066230774,106793.56362469278,attention-sdpa-fp32
sdpa,1,15.975599609375,False,512,,,forward_backward,38147072,50331648,float32,3,attention,ok,,0.002352687954902649,217629.81400076736,attention-sdpa-fp32
sdpa,1,15.9921728515625,False,1024,,,forward_backward,91497472,102760448,float32,3,attention,ok,,0.004750848054885864,215540.48776695307,attention-sdpa-fp32
sdpa,1,15.983056640625,False,2048,,,forward_backward,298861568,352321536,float32,3,attention,ok,,0.014787583827972413,138615.75752758118,attention-sdpa-fp32
reference,1,0.9795552978515625,False,128,,0.019056033183120807,training_step,180788736,239075328,float32,1,capacity,ok,4429185024,0.03261235237121582,3925.0526667092336,reference-fp32-eager
reference,2,0.42029977416992187,False,128,,0.046704277371327034,training_step,196849152,260046848,float32,1,capacity,ok,8858370048,0.026612640380859375,9619.530428773407,reference-fp32-eager
reference,4,0.4015256042480469,False,128,,0.0915866144906219,training_step,238808576,310378496,float32,1,capacity,ok,17716740096,0.027142047882080078,18863.789807381618,reference-fp32-eager
reference,8,0.4265707397460938,False,128,,0.13615070245666352,training_step,343326208,413138944,float32,1,capacity,ok,35433480192,0.036516128540039064,28043.08267218878,reference-fp32-eager
reference,16,0.4034385986328125,False,128,,0.182958600327877,training_step,559549952,589299712,float32,1,capacity,ok,70866960384,0.054347776412963865,37683.245692889526,reference-fp32-eager
reference,32,0.4363366394042969,False,128,,0.2081185815405317,training_step,1002221056,1059061760,float32,1,capacity,ok,141733920768,0.09555507278442382,42865.33491450324,reference-fp32-eager
reference,64,0.5193572998046875,False,128,,0.21686191457330106,training_step,1895951872,2069889024,float32,1,capacity,ok,283467841536,0.18340505981445313,44666.16355506434,reference-fp32-eager
reference,128,0.85989990234375,False,128,,0.1603573385950537,training_step,3683413504,3898605568,float32,1,capacity,ok,566935683072,0.496061767578125,33028.146154896385,reference-fp32-eager
reference,256,11.2896123046875,False,128,DeviceMemoryCapacityExceeded,,training_step,7124380672,7220494336,float32,1,capacity,memory_capacity_exceeded,1133871366144,9.59656298828125,3414.5589736180186,reference-fp32-eager
reference,1,0.4308275146484375,False,256,,0.048477367611734795,training_step,199273984,262144000,float32,1,capacity,ok,9261023232,0.0268046875,9550.61777032177,reference-fp32-eager
reference,2,0.3983206481933594,False,256,,0.0909169514750327,training_step,246083072,274726912,float32,1,capacity,ok,18522046464,0.028584783554077148,17911.794173891834,reference-fp32-eager
reference,4,0.40425164794921875,False,256,,0.14819819028318829,training_step,355188224,415236096,float32,1,capacity,ok,37044092928,0.035072511672973636,29196.705858611866,reference-fp32-eager
reference,8,0.4140953674316406,False,256,,0.17990579877891072,training_step,576654848,610271232,float32,1,capacity,ok,74088185856,0.057782270431518554,35443.57178544742,reference-fp32-eager
reference,16,0.43934207153320315,False,256,,0.20386932217054046,training_step,1036103168,1088421888,float32,1,capacity,ok,148176371712,0.10198067474365234,40164.48082231807,reference-fp32-eager
reference,32,0.5428120727539063,False,256,,0.2125937576839954,training_step,1963388416,2124414976,float32,1,capacity,ok,296352743424,0.19559117126464845,41883.285478907055,reference-fp32-eager
reference,64,0.8642467041015625,False,256,,0.15990161731920335,training_step,3817958912,4016046080,float32,1,capacity,ok,592705486848,0.5200880737304687,31502.357213294137,reference-fp32-eager
reference,128,10.693546875,False,256,DeviceMemoryCapacityExceeded,,training_step,7393143808,8529117184,float32,1,capacity,memory_capacity_exceeded,1185410973696,10.083048828125001,3249.8107033808847,reference-fp32-eager
reference,1,0.4243353576660156,False,512,,0.09961818820138524,training_step,255520256,274726912,float32,1,capacity,ok,20132659200,0.028356544494628905,18056.05651472302,reference-fp32-eager
reference,2,0.4111728515625,False,512,,0.14805665987781783,training_step,374062592,404750336,float32,1,capacity,ok,40265318400,0.03815873718261718,26835.362654801844,reference-fp32-eager
reference,4,0.4041769104003906,False,512,,0.17671147549052524,training_step,611257856,641728512,float32,1,capacity,ok,80530636800,0.06394214248657226,32028.95498398324,reference-fp32-eager
reference,8,0.4918466491699219,False,512,,0.19515119540320608,training_step,1104260608,1149239296,float32,1,capacity,ok,161061273600,0.11580057525634765,35371.16040659849,reference-fp32-eager
reference,16,0.5592534790039062,False,512,,0.20448854371467726,training_step,2098654720,2273312768,float32,1,capacity,ok,322122547200,0.22102578735351563,37063.548672629346,reference-fp32-eager
reference,32,0.9793032836914063,False,512,DeviceMemoryCapacityExceeded,,training_step,4087442944,4301258752,float32,1,capacity,memory_capacity_exceeded,644245094400,0.6321734313964844,25916.93861282341,reference-fp32-eager
reference,1,0.4101611633300781,False,1024,,0.1484524251201735,training_step,407223808,488636416,float32,1,capacity,ok,46707769344,0.0441461296081543,23195.69522658381,reference-fp32-eager
reference,2,0.44457369995117185,False,1024,,0.17099629174100534,training_step,682036736,713031680,float32,1,capacity,ok,93415538688,0.0766519546508789,26718.170612490147,reference-fp32-eager
reference,4,0.4775608215332031,False,1024,,0.18726955405525605,training_step,1242148352,1285554176,float32,1,capacity,ok,186831077376,0.139982177734375,29260.868489028955,reference-fp32-eager
reference,8,0.5999513549804687,False,1024,,0.19290623123872963,training_step,2370760192,2533359616,float32,1,capacity,ok,373662154752,0.2717838592529297,30141.642699742428,reference-fp32-eager
reference,16,2.28248779296875,False,1024,DeviceMemoryCapacityExceeded,,training_step,4627983872,4821352448,float32,1,capacity,memory_capacity_exceeded,747324309504,1.9262412719726563,8505.68432476867,reference-fp32-eager
reference,1,0.44866659545898435,False,2048,,0.15725830834784885,training_step,829885952,864026624,float32,1,capacity,ok,119185342464,0.10634083175659179,19258.832916410243,reference-fp32-eager
reference,2,0.5519615478515625,False,2048,,0.16869944570334444,training_step,1524215296,1583349760,float32,1,capacity,ok,238370684928,0.19825766754150392,20659.987663436892,reference-fp32-eager
reference,4,0.7553310546875,False,2048,,0.1722546718373523,training_step,2921262592,3061841920,float32,1,capacity,ok,476741369856,0.3883315124511719,21095.378209486975,reference-fp32-eager
reference,8,5.885677734375,False,2048,DeviceMemoryCapacityExceeded,,training_step,5715357184,5955911680,float32,1,capacity,memory_capacity_exceeded,953482739712,6.3680571289062495,2572.8806248329465,reference-fp32-eager
reference,1,0.4050636901855469,False,128,,0.02255462032027122,training_step,180788736,239075328,float32,2,capacity,ok,4429185024,0.027553647994995115,4647.258000337948,reference-fp32-eager
reference,2,0.385586181640625,False,128,,0.045167755925183274,training_step,196849152,260046848,float32,2,capacity,ok,8858370048,0.02751795196533203,9303.072339748967,reference-fp32-eager
reference,4,0.402113525390625,False,128,,0.08648835243591897,training_step,238808576,310378496,float32,2,capacity,ok,17716740096,0.028742000579833983,17815.933772169723,reference-fp32-eager
reference,8,0.3844822998046875,False,128,,0.14567192518583527,training_step,343326208,413138944,float32,2,capacity,ok,35433480192,0.034129407882690435,30003.46806477387,reference-fp32-eager
reference,16,0.4131051635742187,False,128,,0.1819405808269579,training_step,559549952,589299712,float32,2,capacity,ok,70866960384,0.05465187072753906,37474.09910556089,reference-fp32-eager
reference,32,0.4333619079589844,False,128,,0.20771155322111537,training_step,1002221056,1059061760,float32,2,capacity,ok,141733920768,0.0957423210144043,42781.498952698996,reference-fp32-eager
reference,64,0.5254840087890625,False,128,,0.2166393748220135,training_step,1895951872,2069889024,float32,2,capacity,ok,283467841536,0.1835934600830078,44620.326422779355,reference-fp32-eager
reference,128,0.8602880249023438,False,128,,0.16033462733269907,training_step,3683413504,3898605568,float32,2,capacity,ok,566935683072,0.4961320343017578,33023.47092148152,reference-fp32-eager
reference,256,9.8765576171875,False,128,DeviceMemoryCapacityExceeded,,training_step,7124380672,7220494336,float32,2,capacity,memory_capacity_exceeded,1133871366144,9.48840869140625,3453.476904397121,reference-fp32-eager
reference,1,0.40888626098632813,False,256,,0.04640350696592945,training_step,199273984,262144000,float32,2,capacity,ok,9261023232,0.028002639770507813,9142.082191477504,reference-fp32-eager
reference,2,0.39046759033203127,False,256,,0.09355910267258226,training_step,246083072,274726912,float32,2,capacity,ok,18522046464,0.027777536392211914,18432.36533386322,reference-fp32-eager
reference,4,0.4041144409179688,False,256,,0.14096557808600235,training_step,355188224,415236096,float32,2,capacity,ok,37044092928,0.03687199974060058,27772.219497153033,reference-fp32-eager
reference,8,0.40157577514648435,False,256,,0.17996354598336686,training_step,576654848,610271232,float32,2,capacity,ok,74088185856,0.05776372909545899,35454.802660758374,reference-fp32-eager
reference,16,0.43257232666015627,False,256,,0.20401295133373623,training_step,1036103168,1088421888,float32,2,capacity,ok,148176371712,0.10190887832641601,40192.768997705774,reference-fp32-eager
reference,32,0.5287290649414063,False,256,,0.21263940172436535,training_step,1963388416,2124414976,float32,2,capacity,ok,296352743424,0.19554918670654298,41892.277170377216,reference-fp32-eager
reference,64,0.8875346069335938,False,256,,0.1599328019823626,training_step,3817958912,4016046080,float32,2,capacity,ok,592705486848,0.5199866638183595,31508.510352976708,reference-fp32-eager
reference,128,10.4954169921875,False,256,DeviceMemoryCapacityExceeded,,training_step,7393143808,8529117184,float32,2,capacity,memory_capacity_exceeded,1185410973696,10.0279375,3267.6774275506377,reference-fp32-eager
reference,1,0.394884033203125,False,512,,0.09948324640500597,training_step,255520256,274726912,float32,2,capacity,ok,20132659200,0.028395008087158204,18031.338463629818,reference-fp32-eager
reference,2,0.3876290588378906,False,512,,0.1473189373703635,training_step,374062592,404750336,float32,2,capacity,ok,40265318400,0.03834982299804687,26701.561129536327,reference-fp32-eager
reference,4,0.40117550659179685,False,512,,0.17665347994951694,training_step,611257856,641728512,float32,2,capacity,ok,80530636800,0.063963134765625,32018.443642931783,reference-fp32-eager
reference,8,0.44420608520507815,False,512,,0.19672408465023497,training_step,1104260608,1149239296,float32,2,capacity,ok,161061273600,0.11487470245361328,35656.565320350965,reference-fp32-eager
reference,16,0.5516646118164062,False,512,,0.2044175380898186,training_step,2098654720,2273312768,float32,2,capacity,ok,322122547200,0.2211025619506836,37050.69337707294,reference-fp32-eager
reference,32,0.9814312133789063,False,512,DeviceMemoryCapacityExceeded,,training_step,4087442944,4301258752,float32,2,capacity,memory_capacity_exceeded,644245094400,0.6328836975097656,25887.85315528268,reference-fp32-eager
reference,1,0.4012308044433594,False,1024,,0.14816369352994926,training_step,407223808,488636416,float32,2,capacity,ok,46707769344,0.04423215866088867,23150.60059246603,reference-fp32-eager
reference,2,0.4232980346679687,False,1024,,0.17117798335455803,training_step,682036736,713031680,float32,2,capacity,ok,93415538688,0.07657059478759766,26746.566794923197,reference-fp32-eager
reference,4,0.4977520751953125,False,1024,,0.18737900297578228,training_step,1242148352,1285554176,float32,2,capacity,ok,186831077376,0.1399004135131836,29277.971539629274,reference-fp32-eager
reference,8,0.6011309814453125,False,1024,,0.1931948038523652,training_step,2370760192,2533359616,float32,2,capacity,ok,373662154752,0.2713778991699219,30186.69810118035,reference-fp32-eager
reference,16,2.226807861328125,False,1024,DeviceMemoryCapacityExceeded,,training_step,4627983872,4821352448,float32,2,capacity,memory_capacity_exceeded,747324309504,1.8406456298828124,8901.2248472436,reference-fp32-eager
reference,1,0.446857177734375,False,2048,,0.15750870870834557,training_step,829885952,864026624,float32,2,capacity,ok,119185342464,0.1061717758178711,19289.50402738966,reference-fp32-eager
reference,2,0.5351454467773438,False,2048,,0.16855971889457702,training_step,1524215296,1583349760,float32,2,capacity,ok,238370684928,0.19842201232910156,20642.875188718503,reference-fp32-eager
reference,4,0.7279585571289062,False,2048,,0.17229010512822965,training_step,2921262592,3061841920,float32,2,capacity,ok,476741369856,0.38825164794921874,21099.71755055136,reference-fp32-eager
reference,8,5.98987890625,False,2048,DeviceMemoryCapacityExceeded,,training_step,5715357184,5955911680,float32,2,capacity,memory_capacity_exceeded,953482739712,6.495550048828125,2522.545059412033,reference-fp32-eager
reference,1,0.39331430053710936,False,128,,0.02275406981984768,training_step,180788736,239075328,float32,3,capacity,ok,4429185024,0.0273121280670166,4686.564810568103,reference-fp32-eager
reference,2,0.385175537109375,False,128,,0.045784697428173676,training_step,196849152,260046848,float32,3,capacity,ok,8858370048,0.027147151947021483,9430.183519037746,reference-fp32-eager
reference,4,0.3914547119140625,False,128,,0.08737987254967335,training_step,238808576,310378496,float32,3,capacity,ok,17716740096,0.02844875144958496,17997.373449904015,reference-fp32-eager
reference,8,0.3854303588867187,False,128,,0.1452991936477274,training_step,343326208,413138944,float32,3,capacity,ok,35433480192,0.034216958999633784,29926.682225217766,reference-fp32-eager
reference,16,0.3953387451171875,False,128,,0.18223753953745092,training_step,559549952,589299712,float32,3,capacity,ok,70866960384,0.054562814712524416,37534.785280768054,reference-fp32-eager
reference,32,0.41977447509765625,False,128,,0.20814214681956653,training_step,1002221056,1059061760,float32,3,capacity,ok,141733920768,0.09554425430297851,42870.18680249673,reference-fp32-eager
reference,64,0.5197199096679688,False,128,,0.21654034597101174,training_step,1895951872,2069889024,float32,3,capacity,ok,283467841536,0.1836774215698242,44599.931959905625,reference-fp32-eager
reference,128,0.8499619750976563,False,128,,0.1602919298278947,training_step,3683413504,3898605568,float32,3,capacity,ok,566935683072,0.4962641906738281,33014.675646393065,reference-fp32-eager
reference,256,9.8479892578125,False,128,DeviceMemoryCapacityExceeded,,training_step,7124380672,7220494336,float32,3,capacity,memory_capacity_exceeded,1133871366144,9.430896484375,3474.5371295632503,reference-fp32-eager
reference,1,0.3918080139160156,False,256,,0.04713934930837211,training_step,199273984,262144000,float32,3,capacity,ok,9261023232,0.02756552028656006,9287.03716007393,reference-fp32-eager
reference,2,0.41380044555664064,False,256,,0.08439234610823497,training_step,246083072,274726912,float32,3,capacity,ok,18522046464,0.03079475212097168,16626.219216518897,reference-fp32-eager
reference,4,0.3903815307617188,False,256,,0.1476185009149753,training_step,355188224,415236096,float32,3,capacity,ok,37044092928,0.03521023941040039,29082.61061096016,reference-fp32-eager
reference,8,0.39481036376953127,False,256,,0.18155798595554845,training_step,576654848,610271232,float32,3,capacity,ok,74088185856,0.05725644874572754,35768.94577347482,reference-fp32-eager
reference,16,0.44009268188476564,False,256,,0.2040004279126643,training_step,1036103168,1088421888,float32,3,capacity,ok,148176371712,0.10191513442993164,40190.30454360125,reference-fp32-eager
reference,32,0.5249996948242187,False,256,,0.21276641729260834,training_step,1963388416,2124414976,float32,3,capacity,ok,296352743424,0.19543244934082032,41917.29730048688,reference-fp32-eager
reference,64,0.9093928833007813,False,256,,0.15991641514495258,training_step,3817958912,4016046080,float32,3,capacity,ok,592705486848,0.5200399475097657,31505.272409173966,reference-fp32-eager
reference,128,10.5050166015625,False,256,DeviceMemoryCapacityExceeded,,training_step,7393143808,8529117184,float32,3,capacity,memory_capacity_exceeded,1185410973696,10.011821777343751,3272.9309736062414,reference-fp32-eager
reference,1,0.3920343017578125,False,512,,0.09518064473222533,training_step,255520256,274726912,float32,3,capacity,ok,20132659200,0.029678592681884768,17253.279289329657,reference-fp32-eager
reference,2,0.39240805053710937,False,512,,0.14879091000413225,training_step,374062592,404750336,float32,3,capacity,ok,40265318400,0.037970432281494146,26968.35420821071,reference-fp32-eager
reference,4,0.4002631530761719,False,512,,0.17688869608675023,training_step,611257856,641728512,float32,3,capacity,ok,80530636800,0.06387808036804199,32061.08306426299,reference-fp32-eager
reference,8,0.4677181396484375,False,512,,0.1967422537876513,training_step,1104260608,1149239296,float32,3,capacity,ok,161061273600,0.11486409378051758,35659.540294935534,reference-fp32-eager
reference,16,0.5492920532226563,False,512,,0.204599069885546,training_step,2098654720,2273312768,float32,3,capacity,ok,322122547200,0.22090638732910156,37083.59090235556,reference-fp32-eager
reference,32,0.9760338134765625,False,512,DeviceMemoryCapacityExceeded,,training_step,4087442944,4301258752,float32,3,capacity,memory_capacity_exceeded,644245094400,0.6315790710449218,25941.328811370542,reference-fp32-eager
reference,1,0.41174322509765626,False,1024,,0.14927113930891628,training_step,407223808,488636416,float32,3,capacity,ok,46707769344,0.04390399932861328,23323.617343811202,reference-fp32-eager
reference,2,0.40665087890625,False,1024,,0.17106582020636293,training_step,682036736,713031680,float32,3,capacity,ok,93415538688,0.07662080001831054,26729.034884881963,reference-fp32-eager
reference,4,0.48074853515625,False,1024,,0.18742083710114268,training_step,1242148352,1285554176,float32,3,capacity,ok,186831077376,0.1398691864013672,29284.50595397379,reference-fp32-eager
reference,8,0.601491455078125,False,1024,,0.19337507682440588,training_step,2370760192,2533359616,float32,3,capacity,ok,373662154752,0.2711249084472656,30214.86354018301,reference-fp32-eager
reference,16,2.258081787109375,False,1024,DeviceMemoryCapacityExceeded,,training_step,4627983872,4821352448,float32,3,capacity,memory_capacity_exceeded,747324309504,1.894940185546875,8646.19405701473,reference-fp32-eager
reference,1,0.44509469604492186,False,2048,,0.15785640657142705,training_step,829885952,864026624,float32,3,capacity,ok,119185342464,0.10593791961669921,19332.078337094426,reference-fp32-eager
reference,2,0.5360302124023437,False,2048,,0.16875261836928768,training_step,1524215296,1583349760,float32,3,capacity,ok,238370684928,0.19819519805908203,20666.49474151639,reference-fp32-eager
reference,4,0.7176796264648437,False,2048,,0.17247711238153282,training_step,2921262592,3061841920,float32,3,capacity,ok,476741369856,0.3878306884765625,21122.619721490053,reference-fp32-eager
reference,8,5.6348076171875,False,2048,DeviceMemoryCapacityExceeded,,training_step,5715357184,5955911680,float32,3,capacity,memory_capacity_exceeded,953482739712,6.1650732421875,2657.7320330830144,reference-fp32-eager
sdpa,1,0.7328624877929687,False,128,,0.004945134262856785,training_step,180788736,241172480,bfloat16,1,capacity,ok,4429185024,0.03141785621643066,4074.122062121248,sdpa-bf16-eager
sdpa,2,0.5409085693359375,False,128,,0.010645626974665331,training_step,199798272,257949696,bfloat16,1,capacity,ok,8858370048,0.029188608169555666,8770.570341523762,sdpa-bf16-eager
sdpa,4,0.5417257080078125,False,128,,0.018463539626077705,training_step,229830144,276824064,bfloat16,1,capacity,ok,17716740096,0.03365888023376465,15211.920763344322,sdpa-bf16-eager
sdpa,8,0.5197607421875,False,128,,0.03960690142832696,training_step,324386304,354418688,bfloat16,1,capacity,ok,35433480192,0.03138150405883789,32630.82814965281,sdpa-bf16-eager
sdpa,16,0.543407958984375,False,128,,0.05798369413694293,training_step,513740288,559939584,bfloat16,1,capacity,ok,70866960384,0.04287150573730469,47771.55012660773,sdpa-bf16-eager
sdpa,32,0.5759498291015624,False,128,,0.06922522223876795,training_step,885239296,1050673152,bfloat16,1,capacity,ok,141733920768,0.07181914901733398,57032.14531421021,sdpa-bf16-eager
sdpa,64,0.5935728759765625,False,128,,0.07280265269337174,training_step,1651043840,1996488704,bfloat16,1,capacity,ok,283467841536,0.13658009338378907,59979.45835025275,sdpa-bf16-eager
sdpa,128,0.86703515625,False,128,,0.05051787964729254,training_step,3182652928,3441426432,bfloat16,1,capacity,ok,566935683072,0.39365837097167966,41619.84478880733,sdpa-bf16-eager
sdpa,256,8.763580078125,False,128,DeviceMemoryCapacityExceeded,,training_step,6111915008,6803161088,bfloat16,1,capacity,memory_capacity_exceeded,1133871366144,8.20635791015625,3993.004543525967,sdpa-bf16-eager
sdpa,1,0.53085595703125,False,256,,0.008544186476637324,training_step,202026496,260046848,bfloat16,1,capacity,ok,9261023232,0.03802060890197754,6734.125402815736,sdpa-bf16-eager
sdpa,2,0.5172244262695312,False,256,,0.02164472880312813,training_step,234155520,272629760,bfloat16,1,capacity,ok,18522046464,0.03001702404022217,17057.002382914205,sdpa-bf16-eager
sdpa,4,0.5072506103515625,False,256,,0.040184596063894844,training_step,334478848,371195904,bfloat16,1,capacity,ok,37044092928,0.032336288452148435,31667.236317462342,sdpa-bf16-eager
sdpa,8,0.5167083740234375,False,256,,0.05807176186449416,training_step,531566080,578813952,bfloat16,1,capacity,ok,74088185856,0.04475223922729492,45763.07488280322,sdpa-bf16-eager
sdpa,16,0.541562744140625,False,256,,0.06669069656922445,training_step,918924800,1084227584,bfloat16,1,capacity,ok,148176371712,0.07793714904785157,52555.34002046363,sdpa-bf16-eager
sdpa,32,0.6020341796875,False,256,,0.07076417584547703,training_step,1718283776,1814036480,bfloat16,1,capacity,ok,296352743424,0.14690152740478515,55765.24727016903,sdpa-bf16-eager
sdpa,64,0.8654407958984375,False,256,,0.05024207831198311,training_step,3317001728,3573547008,bfloat16,1,capacity,ok,592705486848,0.41381112670898434,39592.94227012676,sdpa-bf16-eager
sdpa,128,9.020953125,False,256,DeviceMemoryCapacityExceeded,,training_step,6380481536,7038042112,bfloat16,1,capacity,memory_capacity_exceeded,1185410973696,9.097240234375,3601.9717767211473,sdpa-bf16-eager
sdpa,1,0.5582366943359375,False,512,,0.02334928878041278,training_step,242806272,322961408,bfloat16,1,capacity,ok,20132659200,0.030245327949523927,16928.245124324087,sdpa-bf16-eager
sdpa,2,0.512431884765625,False,512,,0.04174983960017195,training_step,350993920,392167424,bfloat16,1,capacity,ok,40265318400,0.033830400466918945,30269.598327217565,sdpa-bf16-eager
sdpa,4,0.523335693359375,False,512,,0.05569388284361371,training_step,559353344,610271232,bfloat16,1,capacity,ok,80530636800,0.050720607757568356,40378.236611300556,sdpa-bf16-eager
sdpa,8,0.5540833129882813,False,512,,0.06389030493477106,training_step,986295808,1038090240,bfloat16,1,capacity,ok,161061273600,0.08842742538452147,46320.47123879443,sdpa-bf16-eager
sdpa,16,0.6468046875,False,512,,0.06651746831014374,training_step,1852763648,1975517184,bfloat16,1,capacity,ok,322122547200,0.16986981964111328,48225.16712201215,sdpa-bf16-eager
sdpa,32,0.9399600830078125,False,512,,0.049224518435448006,training_step,3585699328,3846176768,bfloat16,1,capacity,ok,644245094400,0.4590927734375,35687.776759699766,sdpa-bf16-eager
sdpa,64,9.864142578125,False,512,DeviceMemoryCapacityExceeded,,training_step,6917614592,7625244672,bfloat16,1,capacity,memory_capacity_exceeded,1288490188800,9.430166015625002,3474.8151365083895,sdpa-bf16-eager
sdpa,1,0.5327706909179688,False,1024,,0.04306168501506117,training_step,382844416,417333248,bfloat16,1,capacity,ok,46707769344,0.03804774475097657,26913.618712063304,sdpa-bf16-eager
sdpa,2,0.5538936157226563,False,1024,,0.05323674328839298,training_step,630001152,668991488,bfloat16,1,capacity,ok,93415538688,0.06155147361755371,33273.0509523666,sdpa-bf16-eager
sdpa,4,0.57449169921875,False,1024,,0.059621125973318825,training_step,1121037824,1283457024,bfloat16,1,capacity,ok,186831077376,0.10992076873779297,37263.2252144145,sdpa-bf16-eager
sdpa,8,0.6844190673828126,False,1024,,0.06160260425378903,training_step,2121723392,2321547264,bfloat16,1,capacity,ok,373662154752,0.21277022552490235,38501.62843060837,sdpa-bf16-eager
sdpa,16,1.1119105224609376,False,1024,DeviceMemoryCapacityExceeded,,training_step,4123094528,4861198336,bfloat16,1,capacity,memory_capacity_exceeded,747324309504,2.297112548828125,7138.849905744322,sdpa-bf16-eager
sdpa,1,0.8059473876953125,False,2048,,0.04773848481113131,training_step,764218880,784334848,bfloat16,1,capacity,ok,119185342464,0.08757598495483399,23385.409599307008,sdpa-bf16-eager
sdpa,2,0.8737136840820312,False,2048,,0.051711626024400104,training_step,1390521856,1434451968,bfloat16,1,capacity,ok,238370684928,0.16169458007812498,25331.7093318396,sdpa-bf16-eager
sdpa,4,1.0315704345703125,False,2048,,0.05303260728321766,training_step,2659642880,3015704576,bfloat16,1,capacity,ok,476741369856,0.31533390808105466,25978.811057341896,sdpa-bf16-eager
sdpa,8,5.48044482421875,False,2048,DeviceMemoryCapacityExceeded,,training_step,5197884928,5481955328,bfloat16,1,capacity,memory_capacity_exceeded,953482739712,4.828255615234375,3393.3648471348006,sdpa-bf16-eager
sdpa,1,0.6761768798828125,False,128,,0.00516868417873451,training_step,180788736,241172480,bfloat16,2,capacity,ok,4429185024,0.030059007644653322,4258.394131825289,sdpa-bf16-eager
sdpa,2,0.6674872436523438,False,128,,0.009948797722230424,training_step,199798272,257949696,bfloat16,2,capacity,ok,8858370048,0.031233023643493653,8196.499619823873,sdpa-bf16-eager
sdpa,4,0.7192504272460938,False,128,,0.017927937950442868,training_step,229830144,276824064,bfloat16,2,capacity,ok,17716740096,0.03466444778442383,14773.635394366447,sdpa-bf16-eager
sdpa,8,0.76828466796875,False,128,,0.037326987075156776,training_step,324386304,354418688,bfloat16,2,capacity,ok,35433480192,0.033298271179199215,30752.356894197703,sdpa-bf16-eager
sdpa,16,0.7489454345703125,False,128,,0.0546353724477076,training_step,513740288,559939584,bfloat16,2,capacity,ok,70866960384,0.04549888038635254,45012.40605864644,sdpa-bf16-eager
sdpa,32,0.8374364013671876,False,128,,0.06724289717036493,training_step,885239296,1050673152,bfloat16,2,capacity,ok,141733920768,0.07393638229370117,55398.98269383001,sdpa-bf16-eager
sdpa,64,0.865522705078125,False,128,,0.07206360908654594,training_step,1651043840,1996488704,bfloat16,2,capacity,ok,283467841536,0.1379807815551758,59370.84918280194,sdpa-bf16-eager
sdpa,128,1.1323883056640625,False,128,,0.050417224188421345,training_step,3182652928,3441426432,bfloat16,2,capacity,ok,566935683072,0.3944442901611328,41536.9183138082,sdpa-bf16-eager
sdpa,256,9.177515625,False,128,DeviceMemoryCapacityExceeded,,training_step,6111915008,6803161088,bfloat16,2,capacity,memory_capacity_exceeded,1133871366144,8.221088378906249,3985.8672988266862,sdpa-bf16-eager
sdpa,1,0.66073291015625,False,256,,0.01107783673102318,training_step,202026496,260046848,bfloat16,2,capacity,ok,9261023232,0.02932478427886963,8729.817056478852,sdpa-bf16-eager
sdpa,2,0.7056906127929687,False,256,,0.01827322020717115,training_step,234155520,272629760,bfloat16,2,capacity,ok,18522046464,0.035555328369140625,14400.095068839406,sdpa-bf16-eager
sdpa,4,0.7980318603515625,False,256,,0.038752362231807294,training_step,334478848,371195904,bfloat16,2,capacity,ok,37044092928,0.03353139305114746,30538.627844338385,sdpa-bf16-eager
sdpa,8,0.7636213989257813,False,256,,0.05507543424301293,training_step,531566080,578813952,bfloat16,2,capacity,ok,74088185856,0.04718694305419922,43402.23738078918,sdpa-bf16-eager
sdpa,16,0.7409028930664062,False,256,,0.06728045063131897,training_step,918924800,1084227584,bfloat16,2,capacity,ok,148176371712,0.0772539825439453,53019.92139188825,sdpa-bf16-eager
sdpa,32,0.9326438598632812,False,256,,0.0699043972392609,training_step,1718283776,1814036480,bfloat16,2,capacity,ok,296352743424,0.14870832061767578,55087.76081891367,sdpa-bf16-eager
sdpa,64,1.1502091064453126,False,256,,0.050169394316595464,training_step,3317001728,3573547008,bfloat16,2,capacity,ok,592705486848,0.41441064453125,39535.66436854935,sdpa-bf16-eager
sdpa,128,9.4359560546875,False,256,DeviceMemoryCapacityExceeded,,training_step,6380481536,7038042112,bfloat16,2,capacity,memory_capacity_exceeded,1185410973696,9.11120068359375,3596.4525881140676,sdpa-bf16-eager
sdpa,1,0.7445791015625,False,512,,0.023784967819767844,training_step,242806272,322961408,bfloat16,2,capacity,ok,20132659200,0.029691311836242677,17247.39093304978,sdpa-bf16-eager
sdpa,2,0.64774755859375,False,512,,0.04231001175512095,training_step,350993920,392167424,bfloat16,2,capacity,ok,40265318400,0.033382495880126956,30674.758557085188,sdpa-bf16-eager
sdpa,4,0.7024107666015625,False,512,,0.05579238946912513,training_step,559353344,610271232,bfloat16,2,capacity,ok,80530636800,0.05063105583190918,40449.50315987434,sdpa-bf16-eager
sdpa,8,0.8303544311523438,False,512,,0.0639376333135857,training_step,986295808,1038090240,bfloat16,2,capacity,ok,161061273600,0.08836196899414063,46354.793133742365,sdpa-bf16-eager
sdpa,16,0.76716748046875,False,512,,0.06661203181177261,training_step,1852763648,1975517184,bfloat16,2,capacity,ok,322122547200,0.16962866973876953,48293.72340846111,sdpa-bf16-eager
sdpa,32,1.07671044921875,False,512,,0.049261744185583455,training_step,3585699328,3846176768,bfloat16,2,capacity,ok,644245094400,0.45874584960937503,35714.76476518953,sdpa-bf16-eager
sdpa,64,10.1346953125,False,512,DeviceMemoryCapacityExceeded,,training_step,6917614592,7625244672,bfloat16,2,capacity,memory_capacity_exceeded,1288490188800,9.41785205078125,3479.355835427563,sdpa-bf16-eager
sdpa,1,0.7821220092773438,False,1024,,0.04318807328393097,training_step,382844416,417333248,bfloat16,2,capacity,ok,46707769344,0.037936399459838864,26992.686175170114,sdpa-bf16-eager
sdpa,2,0.7146577758789062,False,1024,,0.05332636169342721,training_step,630001152,668991488,bfloat16,2,capacity,ok,93415538688,0.06144803237915039,33328.980475257216,sdpa-bf16-eager
sdpa,4,0.8286965942382812,False,1024,,0.05966065533179668,training_step,1121037824,1283457024,bfloat16,2,capacity,ok,186831077376,0.10984793853759765,37287.910275487404,sdpa-bf16-eager
sdpa,8,0.9691740112304688,False,1024,,0.06160217351908216,training_step,2121723392,2321547264,bfloat16,2,capacity,ok,373662154752,0.21277171325683591,38501.35850738028,sdpa-bf16-eager
sdpa,16,1.2769095458984374,False,1024,DeviceMemoryCapacityExceeded,,training_step,4123094528,4861198336,bfloat16,2,capacity,memory_capacity_exceeded,747324309504,2.1562603759765624,7598.340269130489,sdpa-bf16-eager
sdpa,1,0.7523031005859375,False,2048,,0.04788373462648173,training_step,764218880,784334848,bfloat16,2,capacity,ok,119185342464,0.08731033325195312,23456.56023748561,sdpa-bf16-eager
sdpa,2,0.7871539306640625,False,2048,,0.05165613261829333,training_step,1390521856,1434451968,bfloat16,2,capacity,ok,238370684928,0.1618682861328125,25304.524445010054,sdpa-bf16-eager
sdpa,4,0.9704171752929688,False,2048,,0.05300926247704738,training_step,2659642880,3015704576,bfloat16,2,capacity,ok,476741369856,0.3154727783203125,25967.375210116996,sdpa-bf16-eager
sdpa,8,5.49342626953125,False,2048,DeviceMemoryCapacityExceeded,,training_step,5197884928,5481955328,bfloat16,2,capacity,memory_capacity_exceeded,953482739712,4.893316650390625,3348.243459860448,sdpa-bf16-eager
sdpa,1,0.66503271484375,False,128,,0.005194000502363552,training_step,180788736,241172480,bfloat16,3,capacity,ok,4429185024,0.029912495613098146,4279.163079184747,sdpa-bf16-eager
sdpa,2,0.652921875,False,128,,0.0105417060172486,training_step,199798272,257949696,bfloat16,3,capacity,ok,8858370048,0.029476351737976074,8684.956051482342,sdpa-bf16-eager
sdpa,4,0.6856785888671875,False,128,,0.02082309401096139,training_step,229830144,276824064,bfloat16,3,capacity,ok,17716740096,0.029844847679138184,17155.415203018092,sdpa-bf16-eager
sdpa,8,0.770529296875,False,128,,0.038640046921126964,training_step,324386304,354418688,bfloat16,3,capacity,ok,35433480192,0.03216673469543457,31834.14224895533,sdpa-bf16-eager
sdpa,16,0.7428526000976563,False,128,,0.05652592386352038,training_step,513740288,559939584,bfloat16,3,capacity,ok,70866960384,0.04397713661193848,46570.47653530502,sdpa-bf16-eager
sdpa,32,0.805718017578125,False,128,,0.06929933997119941,training_step,885239296,1050673152,bfloat16,3,capacity,ok,141733920768,0.07174233627319336,57093.20681699473,sdpa-bf16-eager
sdpa,64,0.758813720703125,False,128,,0.0728288602723011,training_step,1651043840,1996488704,bfloat16,3,capacity,ok,283467841536,0.13653094482421874,60001.0499295648,sdpa-bf16-eager
sdpa,128,1.1054212646484376,False,128,,0.0505324701105236,training_step,3182652928,3441426432,bfloat16,3,capacity,ok,566935683072,0.39354470825195315,41631.86488647701,sdpa-bf16-eager
sdpa,256,8.9913984375,False,128,DeviceMemoryCapacityExceeded,,training_step,6111915008,6803161088,bfloat16,3,capacity,memory_capacity_exceeded,1133871366144,8.213189453125,3989.681259294165,sdpa-bf16-eager
sdpa,1,0.6788577270507813,False,256,,0.010721960936669956,training_step,202026496,260046848,bfloat16,3,capacity,ok,9261023232,0.03029811191558838,8449.684107598758,sdpa-bf16-eager
sdpa,2,0.713786376953125,False,256,,0.021390063403967468,training_step,234155520,272629760,bfloat16,3,capacity,ok,18522046464,0.03037440013885498,16857.070148902774,sdpa-bf16-eager
sdpa,4,0.7728947143554687,False,256,,0.040738605094962535,training_step,334478848,371195904,bfloat16,3,capacity,ok,37044092928,0.031896543502807614,32104.03659928724,sdpa-bf16-eager
sdpa,8,0.729354248046875,False,256,,0.05729685345641607,training_step,531566080,578813952,bfloat16,3,capacity,ok,74088185856,0.04535748863220215,45152.412686691256,sdpa-bf16-eager
sdpa,16,0.7071027221679688,False,256,,0.06740758918029773,training_step,918924800,1084227584,bfloat16,3,capacity,ok,148176371712,0.07710827255249024,53120.140365269064,sdpa-bf16-eager
sdpa,32,0.7573053588867188,False,256,,0.070833130323123,training_step,1718283776,1814036480,bfloat16,3,capacity,ok,296352743424,0.14675852203369139,55819.58639937895,sdpa-bf16-eager
sdpa,64,1.1886510009765625,False,256,,0.05027094568367434,training_step,3317001728,3573547008,bfloat16,3,capacity,ok,592705486848,0.4135735015869141,39615.6909307133,sdpa-bf16-eager
sdpa,128,9.24687109375,False,256,DeviceMemoryCapacityExceeded,,training_step,6380481536,7038042112,bfloat16,3,capacity,memory_capacity_exceeded,1185410973696,9.1128701171875,3595.8079842148,sdpa-bf16-eager
sdpa,1,0.7064217529296875,False,512,,0.0234549912819946,training_step,242806272,322961408,bfloat16,3,capacity,ok,20132659200,0.03010902404785156,17004.873500207617,sdpa-bf16-eager
sdpa,2,0.7785267333984375,False,512,,0.04233415634056942,training_step,350993920,392167424,bfloat16,3,capacity,ok,40265318400,0.033363456726074214,30692.264568706498,sdpa-bf16-eager
sdpa,4,0.7571834716796875,False,512,,0.05428809502053793,training_step,559353344,610271232,bfloat16,3,capacity,ok,80530636800,0.05203401565551758,39358.92648115294,sdpa-bf16-eager
sdpa,8,0.729380859375,False,512,,0.0634659096779514,training_step,986295808,1038090240,bfloat16,3,capacity,ok,161061273600,0.08901873779296875,46012.85866869176,sdpa-bf16-eager
sdpa,16,0.77766552734375,False,512,,0.0662115830417152,training_step,1852763648,1975517184,bfloat16,3,capacity,ok,322122547200,0.1706545867919922,48003.399248026915,sdpa-bf16-eager
sdpa,32,1.1923404541015625,False,512,,0.049157446128373784,training_step,3585699328,3846176768,bfloat16,3,capacity,ok,644245094400,0.4597191772460938,35639.14861853667,sdpa-bf16-eager
sdpa,64,10.0703720703125,False,512,DeviceMemoryCapacityExceeded,,training_step,6917614592,7625244672,bfloat16,3,capacity,memory_capacity_exceeded,1288490188800,9.53173095703125,3437.7807344839694,sdpa-bf16-eager
sdpa,1,0.6793482055664063,False,1024,,0.04297378555107271,training_step,382844416,417333248,bfloat16,3,capacity,ok,46707769344,0.038125568389892575,26858.85902045727,sdpa-bf16-eager
sdpa,2,0.732410888671875,False,1024,,0.05207671165375039,training_step,630001152,668991488,bfloat16,3,capacity,ok,93415538688,0.06292255973815919,32547.98127524362,sdpa-bf16-eager
sdpa,4,0.7945164794921875,False,1024,,0.058871687029697556,training_step,1121037824,1283457024,bfloat16,3,capacity,ok,186831077376,0.11132006454467774,36794.806498047634,sdpa-bf16-eager
sdpa,8,0.9259837646484375,False,1024,,0.06109336326148585,training_step,2121723392,2321547264,bfloat16,3,capacity,ok,373662154752,0.21454376220703125,38183.35566971917,sdpa-bf16-eager
sdpa,16,1.412547607421875,False,1024,DeviceMemoryCapacityExceeded,,training_step,4123094528,4861198336,bfloat16,3,capacity,memory_capacity_exceeded,747324309504,2.149053466796875,7623.825760122263,sdpa-bf16-eager
sdpa,1,0.7435878295898437,False,2048,,0.04784025010265795,training_step,764218880,784334848,bfloat16,3,capacity,ok,119185342464,0.08738969421386719,23435.257691096976,sdpa-bf16-eager
sdpa,2,0.8746997680664063,False,2048,,0.05128046965400607,training_step,1390521856,1434451968,bfloat16,3,capacity,ok,238370684928,0.1630540771484375,25120.515693979643,sdpa-bf16-eager
sdpa,4,0.9907435302734375,False,2048,,0.05281321966945047,training_step,2659642880,3015704576,bfloat16,3,capacity,ok,476741369856,0.31664381408691405,25871.356368754954,sdpa-bf16-eager
sdpa,8,5.722451171875,False,2048,DeviceMemoryCapacityExceeded,,training_step,5197884928,5481955328,bfloat16,3,capacity,memory_capacity_exceeded,953482739712,5.162021240234376,3173.950690871622,sdpa-bf16-eager
reference,1,0.6322440185546875,False,128,,0.003913812444928482,training_step,180788736,241172480,bfloat16,1,control,ok,4429185024,0.03969672012329102,3225.0819220689054,reference-bf16-eager
reference,1,0.5732135620117188,False,256,,0.00859139015279046,training_step,202812928,260046848,bfloat16,1,control,ok,9261023232,0.037811712265014646,6770.389039925132,reference-bf16-eager
reference,1,0.5294970092773438,False,512,,0.019323484645249623,training_step,249097728,289406976,bfloat16,1,control,ok,20132659200,0.03654656028747559,14009.55277571833,reference-bf16-eager
reference,1,0.5286666259765626,False,1024,,0.038609864360580934,training_step,416529920,486539264,bfloat16,1,control,ok,46707769344,0.04243475151062012,24131.26563683668,reference-bf16-eager
reference,1,0.586598388671875,False,2048,,0.04927624361880344,training_step,900533760,943718400,bfloat16,1,control,ok,119185342464,0.08484300994873047,24138.70220160208,reference-bf16-eager
reference,1,0.5435873413085938,False,128,,0.004001269515723472,training_step,180788736,241172480,bfloat16,2,control,ok,4429185024,0.03882905578613281,3296.725076480643,reference-bf16-eager
reference,1,0.5100267639160156,False,256,,0.008078157942029922,training_step,202812928,260046848,bfloat16,2,control,ok,9261023232,0.040214015960693364,6366.353191610252,reference-bf16-eager
reference,1,0.5270108032226563,False,512,,0.018198919671021302,training_step,249097728,289406976,bfloat16,2,control,ok,20132659200,0.03880488014221191,13194.266248043483,reference-bf16-eager
reference,1,0.5085623474121094,False,1024,,0.040722828561891515,training_step,416529920,486539264,bfloat16,2,control,ok,46707769344,0.040232961654663085,25451.910452086806,reference-bf16-eager
reference,1,0.5403463745117187,False,2048,,0.04893021783069664,training_step,900533760,943718400,bfloat16,2,control,ok,119185342464,0.0854430046081543,23969.19486026986,reference-bf16-eager
reference,1,0.5902213134765625,False,128,,0.003944020828996332,training_step,180788736,241172480,bfloat16,3,control,ok,4429185024,0.03939267158508301,3249.3677046808625,reference-bf16-eager
reference,1,0.47288626098632813,False,256,,0.011048756069259287,training_step,202812928,260046848,bfloat16,3,control,ok,9261023232,0.029401968002319333,8706.916136444972,reference-bf16-eager
reference,1,0.487806884765625,False,512,,0.020958341378567454,training_step,249097728,289406976,bfloat16,3,control,ok,20132659200,0.03369574356079101,15195.084457835961,reference-bf16-eager
reference,1,0.4890204162597656,False,1024,,0.04497350779487402,training_step,416529920,486539264,bfloat16,3,control,ok,46707769344,0.03643033599853515,28108.518368895868,reference-bf16-eager
reference,1,0.4798423156738281,False,2048,,0.050692937184128505,training_step,900533760,943718400,bfloat16,3,control,ok,119185342464,0.08247193908691405,24832.700404138326,reference-bf16-eager
reference,1,0.9872128295898438,False,128,,0.02011756229828299,training_step,180788736,239075328,float32,1,control,ok,4429185024,0.03089151954650879,4143.544083162384,reference-fp32-eager
reference,1,0.43286920166015624,False,256,,0.0371870121915076,training_step,199273984,262144000,float32,1,control,ok,9261023232,0.03494286346435547,7327.213074395751,reference-fp32-eager
reference,1,0.4866855773925781,False,512,,0.08151591049050627,training_step,255520256,274726912,float32,1,control,ok,20132659200,0.034653696060180664,14776.026817681122,reference-fp32-eager
reference,1,0.4055090637207031,False,1024,,0.14878369214393175,training_step,407223808,488636416,float32,1,control,ok,46707769344,0.044047838211059565,23247.548159397214,reference-fp32-eager
reference,1,0.45835443115234376,False,2048,,0.1542083621531802,training_step,829885952,864026624,float32,1,control,ok,119185342464,0.10844404983520509,18885.323940294864,reference-fp32-eager
reference,1,0.44065280151367187,False,128,,0.019058212281702493,training_step,180788736,239075328,float32,2,control,ok,4429185024,0.03260862350463867,3925.3451317187046,reference-fp32-eager
reference,1,0.4364871826171875,False,256,,0.03602866311342357,training_step,199273984,262144000,float32,2,control,ok,9261023232,0.03606630325317382,7098.359651246148,reference-fp32-eager
reference,1,0.41410867309570315,False,512,,0.08618265779062675,training_step,255520256,274726912,float32,2,control,ok,20132659200,0.0327772159576416,15620.945200112816,reference-fp32-eager
reference,1,0.44897280883789065,False,1024,,0.1417151923967488,training_step,407223808,488636416,float32,2,control,ok,46707769344,0.04624486541748047,22143.00093985247,reference-fp32-eager
reference,1,0.45664154052734374,False,2048,,0.15564483784401584,training_step,829885952,864026624,float32,2,control,ok,119185342464,0.10744319915771484,19061.23582020111,reference-fp32-eager
reference,1,0.41025408935546875,False,128,,0.023252769329447878,training_step,180788736,239075328,float32,3,control,ok,4429185024,0.026726367950439454,4789.328607963811,reference-fp32-eager
reference,1,0.4106854248046875,False,256,,0.040481403885041,training_step,199273984,262144000,float32,3,control,ok,9261023232,0.03209920024871826,7975.454666328315,reference-fp32-eager
reference,1,0.437423095703125,False,512,,0.09947467017407836,training_step,255520256,274726912,float32,3,control,ok,20132659200,0.028397456169128418,18029.957802918936,reference-fp32-eager
reference,1,0.3962437744140625,False,1024,,0.14936045707429935,training_step,407223808,488636416,float32,3,control,ok,46707769344,0.04387774467468262,23337.642234001112,reference-fp32-eager
reference,1,0.4370810852050781,False,2048,,0.15791908860450138,training_step,829885952,864026624,float32,3,control,ok,119185342464,0.10589587020874024,19339.753398265086,reference-fp32-eager
sdpa,1,64.5082734375,True,128,,0.005349666102030748,training_step,180788736,624951296,bfloat16,1,control,ok,4429185024,0.02904209613800049,4407.536382615851,sdpa-bf16-compile
sdpa,1,65.44258203125,True,256,,0.01885542699424944,training_step,193048064,627048448,bfloat16,1,control,ok,9261023232,0.017228735923767093,14859.139434787106,sdpa-bf16-compile
sdpa,1,66.2189296875,True,512,,0.03967297565631605,training_step,224849408,633339904,bfloat16,1,control,ok,20132659200,0.01780070400238037,28763.341027004004,sdpa-bf16-compile
sdpa,1,66.2358828125,True,1024,,0.06072570736355709,training_step,345132544,637534208,bfloat16,1,control,ok,46707769344,0.026980336189270017,37953.63801584651,sdpa-bf16-compile
sdpa,1,68.7220703125,True,2048,,0.08135451746833693,training_step,694693376,912261120,bfloat16,1,control,ok,119185342464,0.05138921546936035,39852.72070254838,sdpa-bf16-compile
sdpa,1,66.46771875,True,128,,0.0091339984177308,training_step,180788736,624951296,bfloat16,2,control,ok,4429185024,0.017009584426879883,7525.195492620916,sdpa-bf16-compile
sdpa,1,64.096734375,True,256,,0.01470003166992926,training_step,193048064,627048448,bfloat16,2,control,ok,9261023232,0.022098943710327147,11584.312240424293,sdpa-bf16-compile
sdpa,1,65.268796875,True,512,,0.04014641380543443,training_step,224849408,633339904,bfloat16,2,control,ok,20132659200,0.017590784072875974,29106.19560345538,sdpa-bf16-compile
sdpa,1,70.5957734375,True,1024,,0.06461937724951808,training_step,345132544,637534208,bfloat16,2,control,ok,46707769344,0.025354623794555664,40387.116882855975,sdpa-bf16-compile
sdpa,1,68.719640625,True,2048,,0.08264610066400054,training_step,694693376,912261120,bfloat16,2,control,ok,119185342464,0.050586111068725584,40485.513010569506,sdpa-bf16-compile
sdpa,1,65.12566015625,True,128,,0.009422734676808998,training_step,180788736,624951296,bfloat16,3,control,ok,4429185024,0.016488368034362794,7763.053576825903,sdpa-bf16-compile
sdpa,1,65.37762890625,True,256,,0.019404403423716736,training_step,193048064,627048448,bfloat16,3,control,ok,9261023232,0.01674131202697754,15291.809632620403,sdpa-bf16-compile
sdpa,1,61.080390625,True,512,,0.04039330972677044,training_step,224849408,633339904,bfloat16,3,control,ok,20132659200,0.01748326396942139,29285.191768460958,sdpa-bf16-compile
sdpa,1,69.733640625,True,1024,,0.06447582978266339,training_step,345132544,637534208,bfloat16,3,control,ok,46707769344,0.025411072731018065,40297.39363053202,sdpa-bf16-compile
sdpa,1,68.0063515625,True,2048,,0.08265530062215692,training_step,694693376,912261120,bfloat16,3,control,ok,119185342464,0.050580480575561526,40489.93005974583,sdpa-bf16-compile
sdpa,1,0.582345703125,False,128,,0.004765677845895194,training_step,180788736,241172480,bfloat16,1,control,ok,4429185024,0.032600927352905276,3926.3795227128367,sdpa-bf16-eager
sdpa,1,0.5393684692382813,False,256,,0.01122322827773526,training_step,202026496,260046848,bfloat16,1,control,ok,9261023232,0.028944895744323733,8844.51740182981,sdpa-bf16-eager
sdpa,1,0.530882568359375,False,512,,0.01775059972975934,training_step,242806272,322961408,bfloat16,1,control,ok,20132659200,0.039784959793090824,12870.478316971365,sdpa-bf16-eager
sdpa,1,0.5318881225585937,False,1024,,0.04297109834963714,training_step,382844416,417333248,bfloat16,1,control,ok,46707769344,0.03812795257568359,26856.937018268778,sdpa-bf16-eager
sdpa,1,0.5558381958007812,False,2048,,0.04780583460221892,training_step,764218880,784334848,bfloat16,1,control,ok,119185342464,0.08745260620117187,23418.402625961455,sdpa-bf16-eager
sdpa,1,0.6053212280273438,False,128,,0.004265028856152854,training_step,180788736,241172480,bfloat16,2,control,ok,4429185024,0.03642777633666992,3513.804681520013,sdpa-bf16-eager
sdpa,1,0.5333401489257813,False,256,,0.010829435589297366,training_step,202026496,260046848,bfloat16,2,control,ok,9261023232,0.029997424125671385,8534.066826620447,sdpa-bf16-eager
sdpa,1,0.5347973022460938,False,512,,0.02088060823789604,training_step,242806272,322961408,bfloat16,2,control,ok,20132659200,0.03382118415832519,15138.595426518423,sdpa-bf16-eager
sdpa,1,0.5300828247070313,False,1024,,0.0430102830508753,training_step,382844416,417333248,bfloat16,2,control,ok,46707769344,0.03809321594238281,26881.43666003047,sdpa-bf16-eager
sdpa,1,0.5401466674804688,False,2048,,0.04689189455974401,training_step,764218880,784334848,bfloat16,2,control,ok,119185342464,0.08915708923339843,22970.970651951036,sdpa-bf16-eager
sdpa,1,0.5435504760742188,False,128,,0.003910121480607305,training_step,180788736,241172480,bfloat16,3,control,ok,4429185024,0.03973419189453125,3222.44640804114,sdpa-bf16-eager
sdpa,1,0.5107527770996094,False,256,,0.010779392220819223,training_step,202026496,260046848,bfloat16,3,control,ok,9261023232,0.03013668727874756,8494.650874020026,sdpa-bf16-eager
sdpa,1,0.542904296875,False,512,,0.019742852712964606,training_step,242806272,322961408,bfloat16,3,control,ok,20132659200,0.03577025604248047,14313.597412387264,sdpa-bf16-eager
sdpa,1,0.5371924438476563,False,1024,,0.04299630460215626,training_step,382844416,417333248,bfloat16,3,control,ok,46707769344,0.038105600357055666,26872.734159681408,sdpa-bf16-eager
sdpa,1,0.5943900146484375,False,2048,,0.046347329212520855,training_step,764218880,784334848,bfloat16,3,control,ok,119185342464,0.09020465469360352,22703.936530871477,sdpa-bf16-eager
sdpa,1,0.4508294677734375,False,128,,0.02108198170459167,training_step,180788736,239075328,float32,1,control,ok,4429185024,0.02947835159301758,4342.199431825638,sdpa-fp32-eager
sdpa,1,0.3991572570800781,False,256,,0.0421633570568135,training_step,199011840,262144000,float32,1,control,ok,9261023232,0.030818719863891602,8306.942057277298,sdpa-fp32-eager
sdpa,1,0.41480703735351565,False,512,,0.08803640058010628,training_step,254471680,274726912,float32,1,control,ok,20132659200,0.03208704090118408,15956.738164378268,sdpa-fp32-eager
sdpa,1,0.4265430908203125,False,1024,,0.14804534223875646,training_step,403947008,482344960,float32,1,control,ok,46707769344,0.04426751899719238,23133.919568034496,sdpa-fp32-eager
sdpa,1,0.44778085327148437,False,2048,,0.169572659747093,training_step,813108736,847249408,float32,1,control,ok,119185342464,0.09861837005615234,20766.925962361536,sdpa-fp32-eager
sdpa,1,0.4402974853515625,False,128,,0.018835142836832196,training_step,180788736,239075328,float32,2,control,ok,4429185024,0.032994815826416016,3879.40801182104,sdpa-fp32-eager
sdpa,1,0.4245248107910156,False,256,,0.04835544482024606,training_step,199011840,262144000,float32,2,control,ok,9261023232,0.02687227249145508,9526.651624896847,sdpa-fp32-eager
sdpa,1,0.47611175537109374,False,512,,0.0840444724780934,training_step,254471680,274726912,float32,2,control,ok,20132659200,0.033611104965209956,15233.07224785394,sdpa-fp32-eager
sdpa,1,0.4324226989746094,False,1024,,0.14867642945730009,training_step,403947008,482344960,float32,2,control,ok,46707769344,0.044079616546630854,23230.72665796902,sdpa-fp32-eager
sdpa,1,0.44281753540039065,False,2048,,0.170234006671812,training_step,813108736,847249408,float32,2,control,ok,119185342464,0.09823524475097656,20847.9602556255,sdpa-fp32-eager
sdpa,1,0.4290467834472656,False,128,,0.019129641668229454,training_step,180788736,239075328,float32,3,control,ok,4429185024,0.03248686408996582,3940.058442561134,sdpa-fp32-eager
sdpa,1,0.4202260437011719,False,256,,0.04873265323364379,training_step,199011840,262144000,float32,3,control,ok,9261023232,0.026664271354675292,9600.873979305718,sdpa-fp32-eager
sdpa,1,0.4297953186035156,False,512,,0.08265410077164244,training_step,254471680,274726912,float32,3,control,ok,20132659200,0.0341764965057373,14981.082415505894,sdpa-fp32-eager
sdpa,1,0.41068429565429687,False,1024,,0.15548887308445392,training_step,403947008,482344960,float32,3,control,ok,46707769344,0.04214835357666016,24295.1729908844,sdpa-fp32-eager
sdpa,1,0.47724237060546876,False,2048,,0.16957442421957164,training_step,813108736,847249408,float32,3,control,ok,119185342464,0.09861734390258789,20767.156642116373,sdpa-fp32-eager
