attention_backend,batch_size,decode_speedup_mean,decode_speedup_stdev,device,end_to_end_speedup_mean,end_to_end_speedup_stdev,execution_mode,generated_tokens,max_seq_len,model,precision,prompt_length,readme_eligible,runs_per_implementation,seed,ttft_speedup_mean,ttft_speedup_stdev,warmup,weight_source
reference,1,3.1663683184315174,0.25889508911355885,cuda,3.065055721398735,0.27393450018853804,eager,128,2048,"{""d_ff"": 768, ""d_model"": 256, ""num_heads"": 4, ""num_layers"": 4, ""rope_theta"": 10000.0, ""vocab_size"": 8192}",float32,1024,True,3,42,0.7317663289220508,0.04776695489641301,3,seeded_random
reference,1,1.171818984857512,0.045514127561251894,cuda,1.0992686297039687,0.02468599213668732,eager,128,2048,"{""d_ff"": 768, ""d_model"": 256, ""num_heads"": 4, ""num_layers"": 4, ""rope_theta"": 10000.0, ""vocab_size"": 8192}",float32,128,True,3,42,0.928221962683404,0.054359130456811976,3,seeded_random
reference,1,1.3483834936565486,0.028516970012754345,cuda,1.390815794282146,0.05273802470588348,eager,128,2048,"{""d_ff"": 768, ""d_model"": 256, ""num_heads"": 4, ""num_layers"": 4, ""rope_theta"": 10000.0, ""vocab_size"": 8192}",float32,512,True,3,42,0.7803455010924237,0.11823028064568374,3,seeded_random
reference,1,4.00997309832907,0.08746051628928289,cuda,3.8733032258884985,0.11826667876583306,eager,512,2048,"{""d_ff"": 768, ""d_model"": 256, ""num_heads"": 4, ""num_layers"": 4, ""rope_theta"": 10000.0, ""vocab_size"": 8192}",float32,1024,True,3,42,0.6383774539284157,0.10569113841721539,3,seeded_random
reference,1,1.2122712878144375,0.05469258608906119,cuda,1.195358466888189,0.017212235785919187,eager,512,2048,"{""d_ff"": 768, ""d_model"": 256, ""num_heads"": 4, ""num_layers"": 4, ""rope_theta"": 10000.0, ""vocab_size"": 8192}",float32,128,True,3,42,0.9843667027291958,0.11097828962437564,3,seeded_random
reference,1,1.7282531158913423,0.050117511010448264,cuda,1.7481492366968219,0.06555955649593868,eager,512,2048,"{""d_ff"": 768, ""d_model"": 256, ""num_heads"": 4, ""num_layers"": 4, ""rope_theta"": 10000.0, ""vocab_size"": 8192}",float32,512,True,3,42,0.8038415508682237,0.10596311056425492,3,seeded_random
reference,1,3.019971191117012,0.3509744296065721,cuda,2.9973322587599385,0.15128447590254068,eager,64,2048,"{""d_ff"": 768, ""d_model"": 256, ""num_heads"": 4, ""num_layers"": 4, ""rope_theta"": 10000.0, ""vocab_size"": 8192}",float32,1024,True,3,42,0.8391518406665281,0.13815592332138382,3,seeded_random
reference,1,1.2308861937002662,0.11257908346093198,cuda,1.2022659534220599,0.08529912012669943,eager,64,2048,"{""d_ff"": 768, ""d_model"": 256, ""num_heads"": 4, ""num_layers"": 4, ""rope_theta"": 10000.0, ""vocab_size"": 8192}",float32,128,True,3,42,1.0388726827506547,0.13135962500518011,3,seeded_random
reference,1,1.236487083895182,0.09724228756279889,cuda,1.2253571025551853,0.15447295200372196,eager,64,2048,"{""d_ff"": 768, ""d_model"": 256, ""num_heads"": 4, ""num_layers"": 4, ""rope_theta"": 10000.0, ""vocab_size"": 8192}",float32,512,True,3,42,0.8112101412469479,0.13739537738807792,3,seeded_random
