attention_backend,batch_size,cache_allocated_bytes_mean,cache_allocated_bytes_stdev,cache_cuda_allocated_delta_bytes_mean,cache_cuda_allocated_delta_bytes_stdev,cache_theoretical_bytes_mean,cache_theoretical_bytes_stdev,decode_seconds_mean,decode_seconds_stdev,decode_tokens_per_second_mean,decode_tokens_per_second_stdev,device,end_to_end_seconds_mean,end_to_end_seconds_stdev,execution_mode,generated_tokens,implementation,max_seq_len,model,peak_allocated_bytes_mean,peak_allocated_bytes_stdev,peak_reserved_bytes_mean,peak_reserved_bytes_stdev,precision,prefill_seconds_mean,prefill_seconds_stdev,prompt_length,readme_eligible,runs,seed,successful_runs,ttft_seconds_mean,ttft_seconds_stdev,warmup,weight_source
reference,1,0.0,0.0,0.0,0.0,0.0,0.0,2.0780859790000172,0.005538849017625751,61.11421849746495,0.16264493166829616,cuda,2.0931550843332993,0.00827423198825114,eager,128,generate_naive,2048,"{""d_ff"": 768, ""d_model"": 256, ""num_heads"": 4, ""num_layers"": 4, ""rope_theta"": 10000.0, ""vocab_size"": 8192}",133170176.0,0.0,322961408.0,0.0,float32,0.011522459000048002,6.623698762258939e-05,1024,True,3,42,3,0.012233770666739474,0.00015633140022060718,3,seeded_random
reference,1,0.0,0.0,0.0,0.0,0.0,0.0,0.7447401229999381,0.031710554884572736,170.7365477337776,7.303692788814095,cuda,0.7130862773333888,0.014413206453142344,eager,128,generate_naive,2048,"{""d_ff"": 768, ""d_model"": 256, ""num_heads"": 4, ""num_layers"": 4, ""rope_theta"": 10000.0, ""vocab_size"": 8192}",58011648.0,0.0,83886080.0,0.0,float32,0.0054121246667193645,7.825407653976987e-05,128,True,3,42,3,0.006062306666706263,0.0001465931049613457,3,seeded_random
reference,1,0.0,0.0,0.0,0.0,0.0,0.0,0.8679781223333976,0.010593966463100625,146.3316207202791,1.7905001910831804,cuda,0.8759010003331961,0.01708455239369777,eager,128,generate_naive,2048,"{""d_ff"": 768, ""d_model"": 256, ""num_heads"": 4, ""num_layers"": 4, ""rope_theta"": 10000.0, ""vocab_size"": 8192}",83675136.0,0.0,163577856.0,0.0,float32,0.006254709999912696,0.0008195375958069066,512,True,3,42,3,0.00696666533330396,0.0010331326903834288,3,seeded_random
reference,1,16777216.0,0.0,16777216.0,0.0,16777216.0,0.0,0.6592828836667574,0.05473444863308145,193.50412445142612,15.743836932141877,cuda,0.6866575073333555,0.06290794691834949,eager,128,generate_with_kv_cache,2048,"{""d_ff"": 768, ""d_model"": 256, ""num_heads"": 4, ""num_layers"": 4, ""rope_theta"": 10000.0, ""vocab_size"": 8192}",99781120.0,0.0,159383552.0,0.0,float32,0.015956192999927527,0.0012405791590215166,1024,True,3,42,3,0.016772562666687918,0.0012550409910952593,3,seeded_random
reference,1,16777216.0,0.0,16777216.0,0.0,16777216.0,0.0,0.6355455240000367,0.011858877319928516,199.8745204861208,3.7134559413830983,cuda,0.6488840659999559,0.018427479661701527,eager,128,generate_with_kv_cache,2048,"{""d_ff"": 768, ""d_model"": 256, ""num_heads"": 4, ""num_layers"": 4, ""rope_theta"": 10000.0, ""vocab_size"": 8192}",62140928.0,0.0,81788928.0,0.0,float32,0.005816905666686504,0.0003182248604181688,128,True,3,42,3,0.006543093999984724,0.00033205828275842815,3,seeded_random
reference,1,16777216.0,0.0,16777216.0,0.0,16777216.0,0.0,0.6439725239999537,0.019116904140652227,197.33091483907882,5.9390944914749415,cuda,0.6300819253333998,0.012560068944231903,eager,128,generate_with_kv_cache,2048,"{""d_ff"": 768, ""d_model"": 256, ""num_heads"": 4, ""num_layers"": 4, ""rope_theta"": 10000.0, ""vocab_size"": 8192}",75123200.0,0.0,102760448.0,0.0,float32,0.008207752999889332,6.281193917463889e-05,512,True,3,42,3,0.008930555000044174,5.890010986468522e-05,3,seeded_random
reference,1,0.0,0.0,0.0,0.0,0.0,0.0,10.37066237766654,0.032745190285745754,49.27394060515892,0.15584124880173222,cuda,10.343103926333242,0.015561579050592918,eager,512,generate_naive,2048,"{""d_ff"": 768, ""d_model"": 256, ""num_heads"": 4, ""num_layers"": 4, ""rope_theta"": 10000.0, ""vocab_size"": 8192}",182646784.0,0.0,864026624.0,0.0,float32,0.011722675000025143,0.00012172474664871795,1024,True,3,42,3,0.012488877666783083,0.00014180982333556394,3,seeded_random
reference,1,0.0,0.0,0.0,0.0,0.0,0.0,3.1904058503332826,0.05277329275951409,160.19688773307647,2.6459966026649644,cuda,3.2138853193334094,0.11864075786706929,eager,512,generate_naive,2048,"{""d_ff"": 768, ""d_model"": 256, ""num_heads"": 4, ""num_layers"": 4, ""rope_theta"": 10000.0, ""vocab_size"": 8192}",83672064.0,0.0,171966464.0,0.0,float32,0.005846252333356006,0.0009053521152087619,128,True,3,42,3,0.006467597666736917,0.0009443830919692043,3,seeded_random
reference,1,0.0,0.0,0.0,0.0,0.0,0.0,4.71269359266671,0.1692422903401985,108.52196978176289,3.8181215262216335,cuda,4.65069875066672,0.08017661639308334,eager,512,generate_naive,2048,"{""d_ff"": 768, ""d_model"": 256, ""num_heads"": 4, ""num_layers"": 4, ""rope_theta"": 10000.0, ""vocab_size"": 8192}",117593088.0,0.0,507510784.0,0.0,float32,0.006215142000011535,0.000967500281109974,512,True,3,42,3,0.006916438333291808,0.0010336658732085873,3,seeded_random
reference,1,16777216.0,0.0,16777216.0,0.0,16777216.0,0.0,2.5869672636666032,0.05200734156412562,197.58244970250954,4.018548265054285,cuda,2.672070807666728,0.08430914659740905,eager,512,generate_with_kv_cache,2048,"{""d_ff"": 768, ""d_model"": 256, ""num_heads"": 4, ""num_layers"": 4, ""rope_theta"": 10000.0, ""vocab_size"": 8192}",99784192.0,0.0,159383552.0,0.0,float32,0.0190435743333713,0.0026868077640339366,1024,True,3,42,3,0.019878511333407307,0.002854977631563504,3,seeded_random
reference,1,16777216.0,0.0,16777216.0,0.0,16777216.0,0.0,2.6353621796666857,0.12705540591440148,194.19811875842194,9.239370754635782,cuda,2.688304236000041,0.0760757322436404,eager,512,generate_with_kv_cache,2048,"{""d_ff"": 768, ""d_model"": 256, ""num_heads"": 4, ""num_layers"": 4, ""rope_theta"": 10000.0, ""vocab_size"": 8192}",62144000.0,0.0,81788928.0,0.0,float32,0.005887331333288633,0.00017407762506261904,128,True,3,42,3,0.0065545013333689894,0.00021827837866140301,3,seeded_random
reference,1,16777216.0,0.0,16777216.0,0.0,16777216.0,0.0,2.727119356333219,0.07261972161888225,187.46714431492003,5.066403109006944,cuda,2.6618156170000398,0.06177721324227035,eager,512,generate_with_kv_cache,2048,"{""d_ff"": 768, ""d_model"": 256, ""num_heads"": 4, ""num_layers"": 4, ""rope_theta"": 10000.0, ""vocab_size"": 8192}",75126272.0,0.0,102760448.0,0.0,float32,0.007886931000030017,0.0004895481633842016,512,True,3,42,3,0.008600762666787887,0.0004512719570969278,3,seeded_random
reference,1,0.0,0.0,0.0,0.0,0.0,0.0,1.0047777433333824,0.002022689352878856,62.7006026618516,0.12610556973071207,cuda,1.0160043770000584,0.005194414630951237,eager,64,generate_naive,2048,"{""d_ff"": 768, ""d_model"": 256, ""num_heads"": 4, ""num_layers"": 4, ""rope_theta"": 10000.0, ""vocab_size"": 8192}",125728768.0,0.0,247463936.0,0.0,float32,0.011528496999972049,0.000127919422014508,1024,True,3,42,3,0.012221325333371169,0.0001652752004803549,3,seeded_random
reference,1,0.0,0.0,0.0,0.0,0.0,0.0,0.3856054973332874,0.046901717466887566,164.9700382072276,19.659521448899262,cuda,0.38660395333329234,0.0439158827986711,eager,64,generate_naive,2048,"{""d_ff"": 768, ""d_model"": 256, ""num_heads"": 4, ""num_layers"": 4, ""rope_theta"": 10000.0, ""vocab_size"": 8192}",53784064.0,0.0,83886080.0,0.0,float32,0.005901649666720725,0.0007004648477732002,128,True,3,42,3,0.006593416333364151,0.0008085621046595373,3,seeded_random
reference,1,0.0,0.0,0.0,0.0,0.0,0.0,0.42183564433330883,0.012995184167368059,149.4406122154798,4.545519373308413,cuda,0.42358005233338264,0.007642660417636056,eager,64,generate_naive,2048,"{""d_ff"": 768, ""d_model"": 256, ""num_heads"": 4, ""num_layers"": 4, ""rope_theta"": 10000.0, ""vocab_size"": 8192}",79414784.0,0.0,121634816.0,0.0,float32,0.0057621396668423586,0.00019032510511628398,512,True,3,42,3,0.006367292000012033,0.0002528784470772566,3,seeded_random
reference,1,16777216.0,0.0,16777216.0,0.0,16777216.0,0.0,0.33583732599993255,0.040446763416211194,189.38266725156083,22.36578398961282,cuda,0.3396065296666014,0.018947372053199196,eager,64,generate_with_kv_cache,2048,"{""d_ff"": 768, ""d_model"": 256, ""num_heads"": 4, ""num_layers"": 4, ""rope_theta"": 10000.0, ""vocab_size"": 8192}",99780608.0,0.0,159383552.0,0.0,float32,0.013951942333316461,0.0026087498136554707,1024,True,3,42,3,0.014861747666827796,0.0027281452534360902,3,seeded_random
reference,1,16777216.0,0.0,16777216.0,0.0,16777216.0,0.0,0.312731882666706,0.011013506328485903,201.6201873088019,7.227076887862844,cuda,0.32099444933331256,0.017312222225337657,eager,64,generate_with_kv_cache,2048,"{""d_ff"": 768, ""d_model"": 256, ""num_heads"": 4, ""num_layers"": 4, ""rope_theta"": 10000.0, ""vocab_size"": 8192}",62140416.0,0.0,81788928.0,0.0,float32,0.0056902296666123675,4.5616642926299965e-05,128,True,3,42,3,0.006348974999980328,4.374506000910293e-05,3,seeded_random
reference,1,16777216.0,0.0,16777216.0,0.0,16777216.0,0.0,0.3428314633334442,0.03356865114181663,184.93477149335135,17.966920025652165,cuda,0.3489967473333688,0.03954718801789555,eager,64,generate_with_kv_cache,2048,"{""d_ff"": 768, ""d_model"": 256, ""num_heads"": 4, ""num_layers"": 4, ""rope_theta"": 10000.0, ""vocab_size"": 8192}",75122688.0,0.0,102760448.0,0.0,float32,0.0071873466666640224,0.0011158840938872432,512,True,3,42,3,0.007985140333289564,0.0012590812065787654,3,seeded_random
